Player,Team,RATT,RYDS,RTDS,REC,CYDS,CTDS,FL,FPTS,POS,RBTrueFPTs,RBRank,VORP,WRTrueFPTs,WRRank,PATT,CMP,PYDS,PTDS,INTS,QBTrueFPTs,QBRank,TETrueFPTs,TERank
Christian McCaffrey,CAR,297.1,1301.6,11.9,96.8,785.0,4.3,2.5,301.0,RB,325.05999999999995,1.0,237.38999999999993,,,,,,,,,,,
Dalvin Cook,MIN,317.5,1491.7,13.0,54.6,472.3,2.0,2.9,280.2,RB,294.25,2.0,206.57999999999998,,,,,,,,,,,
Derrick Henry,TEN,341.0,1669.9,14.2,24.1,179.8,1.1,2.7,271.3,RB,277.39500000000004,3.0,189.72500000000002,,,,,,,,,,,
Alvin Kamara,NO,206.9,941.4,9.7,80.2,685.9,3.5,1.9,238.0,RB,258.18,4.0,170.51,,,,,,,,,,,
Saquon Barkley,NYG,265.2,1197.7,9.1,55.9,433.2,2.0,1.8,225.8,RB,240.065,5.0,152.39499999999998,,,,,,,,,,,
Ezekiel Elliott,DAL,281.7,1209.2,9.5,52.8,393.0,2.4,2.9,225.8,RB,239.02,6.0,151.35000000000002,,,,,,,,,,,
Aaron Jones,GB,231.8,1123.5,10.4,50.6,393.1,2.7,2.1,226.3,RB,238.71000000000004,7.0,151.04000000000002,,,,,,,,,,,
Jonathan Taylor,IND,270.7,1252.2,10.6,42.1,320.7,1.6,1.9,226.3,RB,237.215,8.0,149.54500000000002,,,,,,,,,,,
Nick Chubb,CLE,273.5,1371.7,11.1,28.6,225.2,1.0,1.9,228.2,RB,235.64000000000001,9.0,147.97000000000003,,,,,,,,,,,
Joe Mixon,CIN,276.5,1164.6,8.1,50.2,366.9,2.9,2.0,215.2,RB,227.7,10.0,140.02999999999997,,,,,,,,,,,
Austin Ekeler,LAC,180.7,820.9,4.7,80.1,690.4,4.9,1.6,205.8,RB,225.555,11.0,137.885,,,,,,,,,,,
Najee Harris,PIT,259.4,1152.3,8.7,49.4,365.7,2.2,2.6,212.3,RB,224.35000000000002,12.0,136.68,,,,,,,,,,,
Antonio Gibson,WAS,242.4,1085.8,9.7,45.5,330.9,1.4,2.1,204.2,RB,215.445,13.0,127.77499999999999,,,,,,,,,,,
Clyde Edwards-Helaire,KC,221.8,998.9,7.3,50.6,389.4,2.2,1.8,192.3,RB,204.88000000000002,14.0,117.21000000000002,,,,,,,,,,,
Chris Carson,SEA,230.6,1056.0,7.4,43.3,321.1,2.4,2.1,192.2,RB,203.13500000000002,15.0,115.46500000000002,,,,,,,,,,,
D'Andre Swift,DET,195.4,870.0,8.0,58.7,435.9,2.1,2.3,186.3,RB,201.26500000000001,16.0,113.59500000000001,,,,,,,,,,,
David Montgomery,CHI,253.5,1061.2,7.9,39.4,312.2,1.6,2.0,190.4,RB,200.19000000000003,17.0,112.52000000000002,,,,,,,,,,,
J.K. Dobbins,BAL,212.0,1076.4,9.4,31.6,241.0,1.2,1.6,192.1,RB,200.04000000000005,18.0,112.37000000000005,,,,,,,,,,,
Josh Jacobs,LV,251.2,1073.2,9.5,31.5,236.5,0.9,2.0,189.1,RB,197.245,19.0,109.575,,,,,,,,,,,
Miles Sanders,PHI,221.5,1060.4,6.5,40.9,336.7,1.6,1.8,185.1,RB,194.93500000000003,20.0,107.26500000000003,,,,,,,,,,,
Darrell Henderson,LAR,235.0,1010.9,7.7,32.4,269.0,1.6,1.8,180.5,RB,188.29,21.0,100.61999999999999,,,,,,,,,,,
Myles Gaskin,MIA,213.9,909.2,6.0,47.9,370.8,1.9,2.0,171.8,RB,183.37500000000003,22.0,95.70500000000003,,,,,,,,,,,
Mike Davis,ATL,221.8,877.2,6.5,48.7,311.3,1.7,1.9,164.4,RB,176.425,23.0,88.75500000000001,,,,,,,,,,,
Chase Edmonds,ARI,167.9,748.1,4.9,51.6,378.7,2.9,1.5,156.6,RB,169.38000000000002,24.0,81.71000000000002,,,,,,,,,,,
Travis Etienne,JAC,133.7,595.9,4.1,63.2,500.9,2.6,3.0,143.9,RB,159.67999999999998,25.0,72.00999999999998,,,,,,,,,,,
Kareem Hunt,CLE,155.7,689.4,5.6,38.5,313.6,2.5,1.3,146.2,RB,155.92499999999998,26.0,68.25499999999998,,,,,,,,,,,
James Robinson,JAC,183.2,801.6,5.6,30.4,217.3,1.0,1.5,138.5,RB,146.09,27.0,58.42,,,,,,,,,,,
Javonte Williams,DEN,188.3,835.5,5.5,25.9,202.4,1.1,2.0,139.4,RB,145.865,28.0,58.19500000000001,,,,,,,,,,,
Damien Harris,NE,210.6,991.6,5.8,11.5,87.9,0.3,1.4,141.8,RB,144.625,29.0,56.955,,,,,,,,,,,
Raheem Mostert,SF,154.3,768.6,6.0,23.9,206.8,1.3,1.4,138.7,RB,144.51500000000001,30.0,56.84500000000001,,,,,,,,,,,
Leonard Fournette,TB,167.1,685.0,6.4,28.7,198.3,0.8,1.2,129.2,RB,136.305,31.0,48.635000000000005,,,,,,,,,,,
David Johnson,HOU,142.0,593.7,4.3,35.1,315.5,2.0,1.4,125.3,RB,134.695,32.0,47.02499999999999,,,,,,,,,,,
Melvin Gordon III,DEN,168.9,743.7,5.5,21.5,140.4,1.0,2.4,122.4,RB,127.985,33.0,40.315,,,,,,,,,,,
Zack Moss,BUF,157.1,670.9,5.7,24.5,175.7,0.9,1.2,122.3,RB,127.98499999999999,34.0,40.31499999999998,,,,,,,,,,,
James Conner,ARI,149.9,671.7,5.7,22.9,160.6,0.7,1.4,119.0,RB,124.555,35.0,36.885000000000005,,,,,,,,,,,
Michael Carter,NYJ,154.7,646.8,3.8,31.5,241.3,1.1,1.8,115.0,RB,122.485,36.0,34.815,,,,,,,,,,,
Ronald Jones II,TB,162.2,729.0,5.4,16.0,112.8,0.3,1.4,115.6,RB,119.58000000000001,37.0,31.91000000000001,,,,,,,,,,,
Kenyan Drake,LV,135.2,562.2,4.6,35.1,247.4,0.8,1.4,110.2,RB,119.33500000000001,38.0,31.665000000000006,,,,,,,,,,,
Trey Sermon,SF,140.2,636.4,5.1,19.4,157.3,1.0,1.8,112.5,RB,117.22,39.0,29.549999999999997,,,,,,,,,,,
Gus Edwards,BAL,152.2,738.9,5.1,11.0,93.6,0.3,1.3,113.2,RB,115.8,40.0,28.129999999999995,,,,,,,,,,,
Jamaal Williams,DET,137.5,566.6,3.5,35.0,239.1,1.2,1.2,106.8,RB,115.12,41.0,27.450000000000003,,,,,,,,,,,
Latavius Murray,NO,141.6,599.3,4.1,25.3,183.9,1.0,1.2,106.3,RB,112.84499999999998,42.0,25.174999999999983,,,,,,,,,,,
AJ Dillon,GB,141.9,640.3,4.5,15.2,116.8,0.5,1.4,103.0,RB,106.71000000000001,43.0,19.040000000000006,,,,,,,,,,,
Tony Pollard,DAL,110.7,494.9,3.2,30.6,225.1,1.3,1.2,96.6,RB,104.25,44.0,16.58,,,,,,,,,,,
Devin Singletary,BUF,119.7,528.0,2.9,30.4,214.4,1.2,1.3,96.7,RB,103.84,45.0,16.17,,,,,,,,,,,
J.D. McKissic,WAS,65.7,283.8,1.5,56.4,409.5,1.7,0.8,87.4,RB,101.03,46.0,13.36,,,,,,,,,,,
Nyheim Hines,IND,61.9,266.7,1.9,50.2,373.9,2.2,1.2,86.0,RB,98.81,47.0,11.14,,,,,,,,,,,
James White,NE,52.5,214.7,1.8,52.1,419.4,2.3,1.2,85.4,RB,98.63499999999999,48.0,10.96499999999999,,,,,,,,,,,
Tevin Coleman,NYJ,130.4,504.3,3.6,17.5,133.0,0.3,1.2,84.7,RB,89.10499999999999,49.0,1.434999999999988,,,,,,,,,,,
Alexander Mattison,MIN,115.6,519.6,2.7,16.2,132.6,0.6,0.7,84.1,RB,87.67,50.0,0.0,,,,,,,,,,,
Phillip Lindsay,HOU,107.3,473.8,2.8,20.5,131.4,0.3,1.1,76.8,RB,82.045,51.0,-5.625,,,,,,,,,,,
Tarik Cohen,CHI,53.4,219.8,1.2,45.1,307.2,1.5,1.2,66.6,RB,77.77499999999999,52.0,-9.89500000000001,,,,,,,,,,,
Xavier Jones,LAR,98.1,405.2,3.4,14.0,113.3,0.6,1.2,73.9,RB,76.94999999999999,53.0,-10.720000000000013,,,,,,,,,,,
Rashaad Penny,SEA,86.7,404.8,3.0,13.7,108.2,0.7,0.7,71.8,RB,75.525,54.0,-12.144999999999996,,,,,,,,,,,
Darrel Williams,KC,79.3,332.0,3.2,20.2,149.1,0.7,0.6,70.8,RB,75.36,55.0,-12.310000000000002,,,,,,,,,,,
Giovani Bernard,TB,55.4,201.5,1.4,35.8,272.0,1.5,0.6,63.2,RB,72.50000000000001,56.0,-15.169999999999987,,,,,,,,,,,
Damien Williams,CHI,69.5,292.4,2.8,19.6,140.0,1.2,0.6,66.0,RB,70.94,57.0,-16.730000000000004,,,,,,,,,,,
Sony Michel,NE,93.3,413.1,2.6,7.6,65.7,0.4,0.6,64.5,RB,66.58,58.0,-21.090000000000003,,,,,,,,,,,
Ty Johnson,NYJ,76.2,329.7,2.2,15.3,104.6,0.6,0.3,59.8,RB,63.455000000000005,59.0,-24.214999999999996,,,,,,,,,,,
Malcolm Brown,MIA,80.0,311.7,3.5,10.6,70.5,0.2,0.7,59.1,RB,61.67,60.0,-26.0,,,,,,,,,,,
Justin Jackson,LAC,77.5,349.8,1.6,15.8,111.9,0.4,0.6,57.1,RB,60.92000000000001,61.0,-26.749999999999993,,,,,,,,,,,
Darrynton Evans,TEN,57.8,249.2,2.0,16.8,137.0,1.0,0.7,55.5,RB,59.42000000000001,62.0,-28.249999999999993,,,,,,,,,,,
Qadree Ollison,ATL,79.3,301.2,2.8,9.6,77.5,0.6,0.7,56.8,RB,59.27,63.0,-28.4,,,,,,,,,,,
Boston Scott,PHI,53.2,225.2,1.8,21.8,172.4,0.7,0.7,52.9,RB,58.809999999999995,64.0,-28.860000000000007,,,,,,,,,,,
Joshua Kelley,LAC,97.2,361.4,2.4,9.3,67.1,0.2,1.7,54.9,RB,57.375,65.0,-30.295,,,,,,,,,,,
Salvon Ahmed,MIA,74.1,311.5,2.1,12.6,84.3,0.4,0.3,54.0,RB,57.13,66.0,-30.54,,,,,,,,,,,
Jeff Wilson Jr.,SF,65.2,286.7,3.4,5.3,48.2,0.6,1.0,55.6,RB,56.815,67.0,-30.855000000000004,,,,,,,,,,,
Devontae Booker,NYG,78.0,329.2,2.0,11.8,78.1,0.2,0.7,52.7,RB,55.480000000000004,68.0,-32.19,,,,,,,,,,,
Marlon Mack,IND,73.7,314.7,2.6,8.7,62.1,0.2,0.6,53.0,RB,55.455,69.0,-32.215,,,,,,,,,,,
Cordarrelle Patterson,ATL,49.2,225.2,1.4,15.1,133.1,0.7,0.2,48.2,RB,51.80499999999999,70.0,-35.86500000000001,,,,,,,,,,,
Rex Burkhead,HOU,35.7,150.5,1.4,18.1,169.6,1.3,0.6,47.1,RB,51.535000000000004,71.0,-36.135,,,,,,,,,,,
DeeJay Dallas,SEA,50.6,202.8,1.7,16.7,122.6,0.9,0.6,46.7,RB,51.114999999999995,72.0,-36.55500000000001,,,,,,,,,,,
Mark Ingram II,HOU,59.4,244.2,1.8,11.9,99.1,0.7,0.6,48.4,RB,51.105000000000004,73.0,-36.565,,,,,,,,,,,
Kenneth Gainwell,PHI,54.4,248.4,1.7,13.4,104.0,0.5,1.1,45.9,RB,49.59,74.0,-38.08,,,,,,,,,,,
Chuba Hubbard,CAR,61.8,261.0,2.0,10.6,86.0,0.4,1.1,46.7,RB,49.55,75.0,-38.120000000000005,,,,,,,,,,,
Rhamondre Stevenson,NE,60.6,263.8,2.1,9.7,73.4,0.4,1.1,46.6,RB,48.945,76.0,-38.725,,,,,,,,,,,
Kyle Juszczyk,SF,13.9,52.6,0.7,21.8,230.2,2.0,0.7,43.0,RB,48.529999999999994,77.0,-39.14000000000001,,,,,,,,,,,
Wayne Gallman,SF,52.9,235.2,2.4,9.2,71.7,0.4,1.0,45.8,RB,47.79,78.0,-39.88,,,,,,,,,,,
Trayveon Williams,CIN,48.2,206.2,1.3,14.0,112.7,0.5,1.5,39.7,RB,43.19,79.0,-44.480000000000004,,,,,,,,,,,
Brian Hill,TEN,57.0,285.5,1.2,7.6,55.7,0.2,0.7,41.6,RB,43.02,80.0,-44.65,,,,,,,,,,,
Jake Funk,LAR,44.4,184.8,2.1,9.4,75.4,0.3,0.2,39.9,RB,42.370000000000005,81.0,-45.3,,,,,,,,,,,
Javian Hawkins,ATL,58.6,241.3,1.9,4.6,35.4,0.1,0.2,39.2,RB,40.42,82.0,-47.25,,,,,,,,,,,
Samaje Perine,CIN,51.2,216.4,1.5,9.0,61.4,0.2,0.1,37.7,RB,40.03,83.0,-47.64,,,,,,,,,,,
Mike Boone,DEN,48.0,228.1,1.8,6.4,43.3,0.1,0.6,37.4,RB,38.94,84.0,-48.730000000000004,,,,,,,,,,,
Benny Snell Jr.,PIT,59.9,222.1,1.8,6.4,43.4,0.1,0.6,36.7,RB,38.349999999999994,85.0,-49.32000000000001,,,,,,,,,,,
Peyton Barber,WAS,59.1,209.4,2.2,5.0,33.0,0.1,0.6,36.9,RB,38.09,86.0,-49.58,,,,,,,,,,,
Matt Breida,BUF,43.6,189.2,1.0,9.6,76.3,0.4,1.1,32.6,RB,35.15,87.0,-52.52,,,,,,,,,,,
Carlos Hyde,JAC,52.6,213.6,1.4,6.3,36.6,0.1,0.6,32.5,RB,34.394999999999996,88.0,-53.275000000000006,,,,,,,,,,,
Brandon Bolden,NE,19.4,98.7,2.3,4.9,48.9,0.6,0.0,32.2,RB,33.385,89.0,-54.285000000000004,,,,,,,,,,,
Jalen Richard,LV,23.7,103.6,0.5,16.3,129.0,0.4,0.6,27.7,RB,31.535,90.0,-56.135000000000005,,,,,,,,,,,
Larry Rountree III,LAC,36.8,154.7,1.4,4.6,34.9,0.2,0.2,28.1,RB,29.31,91.0,-58.36,,,,,,,,,,,
Jermar Jefferson,DET,27.9,113.8,0.8,10.6,78.6,0.1,0.1,24.6,RB,27.090000000000003,92.0,-60.58,,,,,,,,,,,
Elijah Mitchell,SF,26.8,124.1,0.8,5.7,51.5,0.2,0.1,23.2,RB,24.785000000000004,93.0,-62.885,,,,,,,,,,,
La'Mical Perine,NYJ,32.4,136.7,1.0,4.3,31.4,0.2,0.2,23.1,RB,24.685000000000002,94.0,-62.985,,,,,,,,,,,
Jaylen Samuels,PIT,26.4,110.6,0.6,7.8,51.9,0.3,0.1,21.9,RB,23.400000000000002,95.0,-64.27,,,,,,,,,,,
Raymond Calais,LAR,23.1,97.6,0.8,4.6,35.4,0.2,0.1,19.6,RB,20.250000000000004,96.0,-67.42,,,,,,,,,,,
Anthony McFarland Jr.,PIT,30.2,115.8,0.5,5.7,45.1,0.1,0.6,18.7,RB,19.915000000000003,97.0,-67.755,,,,,,,,,,,
Jerick McKinnon,KC,21.5,95.1,0.4,6.7,48.2,0.2,0.1,18.1,RB,19.404999999999998,98.0,-68.265,,,,,,,,,,,
Ito Smith,ARI,20.1,84.5,0.7,5.7,39.2,0.2,0.2,17.7,RB,18.795,99.0,-68.875,,,,,,,,,,,
Chris Evans,CIN,24.4,96.9,0.4,4.4,32.8,0.2,0.1,16.2,RB,17.470000000000002,100.0,-70.2,,,,,,,,,,,
Justice Hill,BAL,19.1,87.8,0.6,4.3,30.9,0.1,0.1,16.0,RB,16.944999999999997,101.0,-70.72500000000001,,,,,,,,,,,
Kylin Hill,GB,25.2,101.9,0.3,3.7,27.8,0.1,0.1,15.1,RB,16.095000000000002,102.0,-71.575,,,,,,,,,,,
Demetric Felton,CLE,18.7,90.2,0.7,2.5,20.6,0.0,0.0,15.4,RB,15.905000000000001,103.0,-71.765,,,,,,,,,,,
Ameer Abdullah,MIN,15.4,68.7,0.1,6.2,43.8,0.4,0.0,13.9,RB,15.8,104.0,-71.87,,,,,,,,,,,
Dontrell Hilliard,HOU,12.3,44.5,1.0,4.9,36.2,0.0,0.0,14.1,RB,15.295000000000002,105.0,-72.375,,,,,,,,,,,
Jeremy McNichols,TEN,19.4,87.4,0.3,3.6,22.8,0.0,0.0,13.0,RB,13.719999999999999,106.0,-73.95,,,,,,,,,,,
Trey Edmunds,PIT,14.8,64.0,0.4,3.9,25.8,0.2,0.0,12.3,RB,13.555000000000001,107.0,-74.115,,,,,,,,,,,
Reggie Bonnafon,CAR,19.2,87.9,0.4,2.3,17.7,0.0,0.0,12.9,RB,13.535000000000002,108.0,-74.135,,,,,,,,,,,
Lamar Miller,WAS,14.9,61.5,0.8,2.4,18.9,0.0,0.0,13.0,RB,13.440000000000001,109.0,-74.23,,,,,,,,,,,
Travis Homer,SEA,16.3,68.8,0.3,4.1,30.4,0.1,0.1,12.2,RB,13.145,110.0,-74.525,,,,,,,,,,,
Jordan Howard,PHI,14.9,64.4,1.0,0.4,4.6,0.0,0.0,12.9,RB,13.0,111.0,-74.67,,,,,,,,,,,
JaMycal Hasty,SF,14.9,76.7,0.4,2.2,14.8,0.1,0.0,12.1,RB,12.700000000000001,112.0,-74.97,,,,,,,,,,,
Kerryon Johnson,PHI,19.3,74.2,0.4,2.3,18.1,0.1,0.2,11.5,RB,12.405000000000001,113.0,-75.265,,,,,,,,,,,
Gerrid Doaks,MIA,12.2,50.9,0.4,4.4,32.8,0.1,0.1,11.6,RB,12.270000000000001,114.0,-75.4,,,,,,,,,,,
D'Ernest Johnson,CLE,18.2,77.9,0.4,2.3,16.9,0.0,0.1,11.5,RB,12.255,115.0,-75.415,,,,,,,,,,,
Ke'Shawn Vaughn,TB,15.0,63.7,0.5,2.3,16.5,0.1,0.0,11.6,RB,12.195,116.0,-75.475,,,,,,,,,,,
Patrick Ricard,BAL,0.9,1.4,0.0,8.8,58.5,0.8,0.5,9.8,RB,11.990000000000002,117.0,-75.68,,,,,,,,,,,
Devonta Freeman,NO,8.8,35.3,0.3,5.3,42.4,0.2,0.1,10.7,RB,11.895,118.0,-75.775,,,,,,,,,,,
Jordan Wilkins,IND,14.6,71.2,0.4,1.7,12.6,0.1,0.0,11.5,RB,11.805000000000001,119.0,-75.865,,,,,,,,,,,
Royce Freeman,DEN,14.3,59.9,0.4,3.2,20.0,0.1,0.0,10.8,RB,11.790000000000001,120.0,-75.88,,,,,,,,,,,
Alec Ingold,LV,4.5,18.8,0.2,6.6,54.5,0.3,0.1,9.9,RB,11.780000000000001,121.0,-75.89,,,,,,,,,,,
Gary Brightwell,NYG,20.0,88.0,0.0,3.0,22.0,0.0,0.0,11.0,RB,11.75,122.0,-75.92,,,,,,,,,,,
Eno Benjamin,ARI,16.4,70.7,0.3,2.3,18.6,0.0,0.0,11.0,RB,11.305,123.0,-76.36500000000001,,,,,,,,,,,
C.J. Ham,MIN,4.8,20.0,0.2,5.9,49.8,0.3,0.1,9.6,RB,11.255000000000003,124.0,-76.41499999999999,,,,,,,,,,,
D'Onta Foreman,ATL,16.8,70.6,0.4,1.4,10.0,0.0,0.0,10.7,RB,10.81,125.0,-76.86,,,,,,,,,,,
Kene Nwangwu,MIN,16.3,65.8,0.2,2.4,17.8,0.0,0.0,9.5,RB,10.16,126.0,-77.51,,,,,,,,,,,
Tony Brooks-James,PIT,15.5,65.4,0.4,0.9,6.3,0.0,0.0,9.4,RB,9.795000000000002,127.0,-77.875,,,,,,,,,,,
Khalil Herbert,CHI,9.7,40.4,0.3,2.8,22.0,0.1,0.1,8.3,RB,9.14,128.0,-78.53,,,,,,,,,,,
Alex Armah,NO,4.2,17.4,0.2,4.2,34.7,0.2,0.1,7.3,RB,8.46,129.0,-79.21000000000001,,,,,,,,,,,
Andrew Beck,DEN,4.9,21.3,0.2,4.1,28.1,0.2,0.0,7.0,RB,8.365000000000002,130.0,-79.305,,,,,,,,,,,
Ty Montgomery,NO,14.5,51.0,0.0,3.4,23.9,0.0,0.0,7.5,RB,8.34,131.0,-79.33,,,,,,,,,,,
Buddy Howell,HOU,4.0,17.1,0.2,4.1,29.2,0.2,0.0,6.5,RB,8.055,132.0,-79.61500000000001,,,,,,,,,,,
Rico Dowdle,DAL,6.8,29.0,0.2,2.9,22.7,0.1,0.1,7.0,RB,7.495000000000001,133.0,-80.175,,,,,,,,,,,
Alfred Morris,NYG,9.1,37.8,0.3,1.5,10.4,0.0,0.1,6.5,RB,6.795,134.0,-80.875,,,,,,,,,,,
Nick Bellore,SEA,1.5,6.7,0.0,4.4,31.4,0.3,0.0,5.8,RB,6.709999999999999,135.0,-80.96000000000001,,,,,,,,,,,
Keith Smith,ATL,3.2,13.7,0.1,3.4,26.1,0.2,0.1,5.5,RB,6.430000000000001,136.0,-81.24,,,,,,,,,,,
Gabe Nabers,LAC,3.3,14.4,0.1,3.2,25.0,0.2,0.1,5.8,RB,6.340000000000001,137.0,-81.33,,,,,,,,,,,
Andy Janovich,CLE,1.0,4.3,0.0,3.9,32.6,0.2,0.0,4.8,RB,5.865,138.0,-81.805,,,,,,,,,,,
Trenton Cannon,CAR,4.1,17.0,0.1,2.5,19.2,0.1,0.0,4.7,RB,5.445,139.0,-82.225,,,,,,,,,,,
Kalen Ballage,PIT,7.0,27.6,0.2,1.8,11.7,0.0,0.1,5.3,RB,5.38,140.0,-82.29,,,,,,,,,,,
Antonio Williams,BUF,9.0,37.4,0.2,0.3,2.8,0.0,0.0,5.0,RB,5.295000000000001,141.0,-82.375,,,,,,,,,,,
Derek Watt,PIT,4.2,18.1,0.2,1.7,12.2,0.1,0.0,4.4,RB,5.255000000000001,142.0,-82.415,,,,,,,,,,,
Darwin Thompson,KC,6.6,26.1,0.1,1.8,13.8,0.0,0.0,4.8,RB,5.040000000000001,143.5,-82.63,,,,,,,,,,,
Alex Collins,SEA,4.8,20.3,0.2,1.4,10.6,0.1,0.1,4.4,RB,5.040000000000001,143.5,-82.63,,,,,,,,,,,
Ben Mason,BAL,0.0,0.0,0.0,3.4,27.7,0.2,0.0,4.1,RB,4.82,145.0,-82.85,,,,,,,,,,,
J.J. Taylor,NE,2.8,12.1,0.1,2.3,17.8,0.1,0.0,3.9,RB,4.765000000000001,146.0,-82.905,,,,,,,,,,,
Michael Burton,KC,3.3,14.0,0.1,1.8,14.8,0.1,0.0,3.9,RB,4.530000000000001,147.0,-83.14,,,,,,,,,,,
Josh Adams,NYJ,5.1,22.1,0.2,0.9,6.1,0.0,0.0,3.8,RB,4.245000000000001,148.0,-83.425,,,,,,,,,,,
Dexter Williams,GB,4.4,18.6,0.2,0.4,3.1,0.0,0.0,3.0,RB,3.4700000000000006,149.0,-84.2,,,,,,,,,,,
Corey Clement,NYG,4.2,17.7,0.2,0.5,3.6,0.0,0.0,3.1,RB,3.455,150.0,-84.215,,,,,,,,,,,
Devine Ozigbo,JAC,2.9,12.3,0.1,1.5,11.6,0.0,0.0,3.0,RB,3.365,151.0,-84.305,,,,,,,,,,,
Khari Blasingame,TEN,0.5,2.1,0.0,2.3,19.4,0.1,0.0,2.7,RB,3.325,152.0,-84.345,,,,,,,,,,,
Dwayne Washington,NO,2.6,10.9,0.1,1.5,11.6,0.0,0.0,2.8,RB,3.225,153.0,-84.44500000000001,,,,,,,,,,,
Elijhaa Penny,NYG,2.5,10.3,0.1,1.5,10.9,0.0,0.0,2.8,RB,3.095,154.0,-84.575,,,,,,,,,,,
Jakob Johnson,NE,0.0,0.0,0.0,2.2,19.0,0.1,0.0,2.2,RB,3.05,155.0,-84.62,,,,,,,,,,,
Dare Ogunbowale,JAC,2.1,8.9,0.0,1.4,9.4,0.0,0.0,1.8,RB,2.18,156.0,-85.49,,,,,,,,,,,
Jonathan Williams,WAS,2.3,9.8,0.0,0.9,7.0,0.0,0.0,1.7,RB,1.9050000000000002,157.0,-85.765,,,,,,,,,,,
Patrick Laird,MIA,1.5,6.4,0.0,0.9,5.5,0.0,0.0,1.2,RB,1.415,158.0,-86.255,,,,,,,,,,,
Taiwan Jones,BUF,1.1,4.7,0.0,0.9,7.0,0.0,0.0,1.2,RB,1.395,159.0,-86.275,,,,,,,,,,,
C.J. Prosise,TB,0.9,3.6,0.0,1.0,7.0,0.0,0.0,1.1,RB,1.31,160.0,-86.36,,,,,,,,,,,
Elijah McGuire,KC,0.9,3.5,0.0,0.9,7.2,0.0,0.0,1.1,RB,1.2950000000000002,161.0,-86.375,,,,,,,,,,,
Ryan Nall,CHI,0.9,3.9,0.0,0.9,6.3,0.0,0.0,1.0,RB,1.245,162.0,-86.425,,,,,,,,,,,
Artavis Pierce,CHI,0.9,3.9,0.0,0.9,6.2,0.0,0.0,1.0,RB,1.235,163.0,-86.435,,,,,,,,,,,
Jason Huntley,PHI,0.9,3.9,0.0,0.9,6.1,0.0,0.0,1.0,RB,1.225,164.5,-86.44500000000001,,,,,,,,,,,
Adrian Killins Jr.,PHI,0.9,3.9,0.0,0.9,6.1,0.0,0.0,1.0,RB,1.225,164.5,-86.44500000000001,,,,,,,,,,,
Austin Walter,NYJ,0.9,3.6,0.0,0.9,6.3,0.0,0.0,1.0,RB,1.215,166.5,-86.455,,,,,,,,,,,
LeVante Bellamy,DEN,1.0,4.4,0.0,0.9,5.5,0.0,0.0,1.0,RB,1.215,166.5,-86.455,,,,,,,,,,,
Jason Cabinda,DET,0.8,3.5,0.0,1.0,6.1,0.0,0.0,1.0,RB,1.21,168.0,-86.46000000000001,,,,,,,,,,,
Nathan Cottrell,JAC,0.9,3.6,0.0,0.9,6.2,0.0,0.0,1.0,RB,1.205,169.0,-86.465,,,,,,,,,,,
Damarea Crockett,DEN,1.0,4.2,0.0,0.9,5.5,0.0,0.0,1.0,RB,1.195,170.0,-86.47500000000001,,,,,,,,,,,
Scottie Phillips,HOU,0.8,3.5,0.0,0.9,6.1,0.0,0.0,1.0,RB,1.185,171.0,-86.485,,,,,,,,,,,
Jordan Scarlett,MIA,0.9,3.9,0.0,0.9,5.3,0.0,0.0,0.9,RB,1.145,172.0,-86.525,,,,,,,,,,,
Taquan Mizzell,NYG,0.9,3.7,0.0,0.9,5.4,0.0,0.0,0.9,RB,1.135,173.0,-86.535,,,,,,,,,,,
Cullen Gillaspia,NYG,0.9,3.7,0.0,0.9,5.2,0.0,0.0,0.9,RB,1.115,174.0,-86.555,,,,,,,,,,,
Tony Jones Jr.,NO,0.9,0.7,0.0,0.2,0.4,0.0,0.0,0.1,RB,0.16,175.0,-87.51,,,,,,,,,,,
Tyreek Hill,KC,12.9,82.4,0.8,100.2,1436.1,12.3,0.7,229.2,WR,,,137.01500000000004,254.10000000000002,1.0,,,,,,,,,
Davante Adams,GB,0.0,0.0,0.0,122.5,1462.5,12.8,0.8,221.3,WR,,,134.99,252.07500000000002,2.0,,,,,,,,,
Stefon Diggs,BUF,2.4,15.6,0.1,113.6,1476.5,9.2,1.2,202.6,WR,,,113.925,231.01,3.0,,,,,,,,,
Calvin Ridley,ATL,4.6,26.1,0.1,99.8,1422.2,8.8,0.8,196.7,WR,,,104.49500000000002,221.58,4.0,,,,,,,,,
DeAndre Hopkins,ARI,0.9,4.4,0.0,122.1,1468.3,7.7,1.5,190.3,WR,,,103.91000000000004,220.99500000000003,5.0,,,,,,,,,
D.K. Metcalf,SEA,0.3,1.3,0.0,86.6,1300.6,10.0,1.4,187.1,WR,,,91.955,209.04,6.0,,,,,,,,,
Justin Jefferson,MIN,0.4,1.5,0.0,93.5,1391.6,7.9,0.8,185.2,WR,,,91.40000000000002,208.485,7.0,,,,,,,,,
A.J. Brown,TEN,0.5,7.5,0.0,84.5,1268.3,9.8,0.9,184.4,WR,,,88.61999999999999,205.70499999999998,8.0,,,,,,,,,
Keenan Allen,LAC,3.0,16.3,0.1,111.3,1209.3,7.9,1.0,168.5,WR,,,79.3,196.385,9.0,,,,,,,,,
Mike Evans,TB,0.0,0.0,0.0,76.1,1114.0,9.4,0.7,166.5,WR,,,68.34000000000002,185.425,12.0,,,,,,,,,
Allen Robinson II,CHI,0.3,0.3,0.0,98.6,1227.6,7.0,0.7,163.2,WR,,,70.955,188.04,10.0,,,,,,,,,
Terry McLaurin,WAS,1.8,12.1,0.1,91.6,1235.2,6.5,0.7,162.8,WR,,,68.74500000000002,185.83,11.0,,,,,,,,,
Amari Cooper,DAL,2.6,11.7,0.0,90.4,1195.9,7.2,0.7,162.7,WR,,,68.075,185.16,13.0,,,,,,,,,
Robert Woods,LAR,17.0,106.2,0.9,98.0,1088.2,6.0,0.8,159.2,WR,,,66.65500000000002,183.74,14.0,,,,,,,,,
Adam Thielen,MIN,3.2,14.6,0.3,79.5,1020.9,9.2,0.7,158.8,WR,,,61.94000000000001,179.025,15.0,,,,,,,,,
CeeDee Lamb,DAL,8.4,61.2,0.6,83.9,1090.4,6.6,0.8,156.8,WR,,,60.65000000000002,177.735,16.0,,,,,,,,,
Tyler Lockett,SEA,1.1,2.7,0.0,92.4,1051.2,8.3,0.7,153.9,WR,,,59.80500000000002,176.89000000000001,17.0,,,,,,,,,
Julio Jones,TEN,0.5,-0.5,0.0,78.7,1115.1,7.3,0.7,153.9,WR,,,56.45,173.535,20.0,,,,,,,,,
D.J. Moore,CAR,3.1,20.1,0.1,83.2,1198.8,5.4,0.8,153.4,WR,,,57.00500000000001,174.09,19.0,,,,,,,,,
Cooper Kupp,LAR,3.9,23.6,0.1,93.0,1068.4,7.1,0.7,151.1,WR,,,57.165000000000006,174.25,18.0,,,,,,,,,
Chris Godwin,TB,0.3,2.0,0.0,82.1,1067.8,7.5,0.8,150.1,WR,,,53.82000000000001,170.905,21.0,,,,,,,,,
Courtland Sutton,DEN,1.7,9.4,0.0,74.3,1055.3,6.7,0.8,145.1,WR,,,46.56000000000002,163.645,23.0,,,,,,,,,
Odell Beckham Jr.,CLE,5.7,50.9,0.3,71.1,993.9,6.5,0.7,144.1,WR,,,44.57000000000001,161.655,24.0,,,,,,,,,
Kenny Golladay,NYG,0.0,0.0,0.0,71.3,1055.9,6.6,0.7,144.0,WR,,,44.52999999999999,161.61499999999998,25.0,,,,,,,,,
Tee Higgins,CIN,2.3,12.4,0.0,79.2,1058.2,6.4,0.8,144.0,WR,,,46.57500000000006,163.66000000000005,22.0,,,,,,,,,
Ja'Marr Chase,CIN,1.5,8.2,0.0,73.1,1058.0,6.2,1.2,141.3,WR,,,42.61,159.695,27.0,,,,,,,,,
Brandon Aiyuk,SF,14.6,82.4,0.7,72.1,915.2,6.3,0.7,140.2,WR,,,41.3,158.385,28.0,,,,,,,,,
Chase Claypool,PIT,8.3,44.2,0.6,69.7,893.5,6.8,0.9,136.7,WR,,,36.709999999999994,153.795,30.0,,,,,,,,,
Diontae Johnson,PIT,4.4,27.3,0.1,94.0,982.5,6.3,1.4,136.3,WR,,,42.99499999999999,160.07999999999998,26.0,,,,,,,,,
Brandin Cooks,HOU,0.8,6.8,0.0,75.2,1050.7,5.3,0.7,136.0,WR,,,37.86500000000002,154.95000000000002,29.0,,,,,,,,,
D.J. Chark Jr.,JAC,0.3,3.3,0.0,73.5,980.8,6.3,0.6,134.6,WR,,,36.300000000000026,153.38500000000002,31.0,,,,,,,,,
Deebo Samuel,SF,13.5,99.2,0.7,70.5,898.5,4.7,0.8,130.7,WR,,,31.110000000000028,148.19500000000002,34.0,,,,,,,,,
Robby Anderson,CAR,2.5,12.3,0.1,80.4,991.3,5.2,0.8,130.6,WR,,,33.574999999999974,150.65999999999997,33.0,,,,,,,,,
JuJu Smith-Schuster,PIT,0.0,0.0,0.0,89.4,903.2,6.7,0.9,128.7,WR,,,33.985,151.07,32.0,,,,,,,,,
Michael Gallup,DAL,0.0,0.0,0.0,64.2,942.3,5.9,0.6,128.4,WR,,,27.395000000000024,144.48000000000002,36.0,,,,,,,,,
Jerry Jeudy,DEN,0.0,0.0,0.0,68.9,981.2,5.2,0.8,127.7,WR,,,27.86,144.945,35.0,,,,,,,,,
Marquise Brown,BAL,1.5,8.0,0.0,61.1,825.1,7.0,0.6,124.2,WR,,,22.300000000000026,139.38500000000002,38.0,,,,,,,,,
Tyler Boyd,CIN,2.1,15.7,0.0,83.0,923.1,5.2,0.8,123.9,WR,,,27.144999999999996,144.23,37.0,,,,,,,,,
Mike Williams,LAC,0.3,0.5,0.0,55.2,902.2,5.4,0.6,121.5,WR,,,18.185000000000045,135.27000000000004,42.0,,,,,,,,,
Laviska Shenault Jr.,JAC,19.2,106.5,0.5,71.9,791.0,5.0,0.7,121.2,WR,,,22.240000000000023,139.32500000000002,39.0,,,,,,,,,
Jarvis Landry,CLE,1.9,9.9,0.3,73.5,884.9,5.1,0.8,120.4,WR,,,21.570000000000036,138.65500000000003,40.0,,,,,,,,,
Curtis Samuel,WAS,24.7,128.6,1.1,62.4,734.9,4.8,0.7,120.4,WR,,,18.864999999999995,135.95,41.0,,,,,,,,,
DeVante Parker,MIA,0.0,0.0,0.0,67.2,856.7,5.7,0.7,118.8,WR,,,18.185000000000016,135.27,43.0,,,,,,,,,
DeVonta Smith,PHI,1.0,6.2,0.0,63.3,889.9,4.8,1.2,116.2,WR,,,14.750000000000014,131.835,46.0,,,,,,,,,
Michael Thomas,NO,0.3,-0.8,0.0,74.0,881.7,4.9,0.7,116.0,WR,,,17.50500000000001,134.59,44.0,,,,,,,,,
Will Fuller V,MIA,0.0,0.0,0.0,66.5,848.3,5.3,0.6,115.4,WR,,,14.970000000000013,132.055,45.0,,,,,,,,,
T.Y. Hilton,IND,0.0,0.0,0.0,62.5,827.1,5.4,0.6,114.0,WR,,,12.450000000000031,129.53500000000003,47.0,,,,,,,,,
Marvin Jones Jr.,JAC,0.3,0.0,0.0,62.1,787.4,5.4,0.6,109.9,WR,,,8.380000000000024,125.46500000000002,48.0,,,,,,,,,
Corey Davis,NYJ,0.0,0.0,0.0,67.3,873.5,3.8,0.8,108.7,WR,,,8.29000000000002,125.37500000000001,49.0,,,,,,,,,
Mecole Hardman,KC,6.4,43.8,0.1,52.4,732.1,5.5,1.7,108.0,WR,,,3.8049999999999926,120.88999999999999,50.0,,,,,,,,,
Antonio Brown,TB,2.0,11.4,0.0,61.5,686.9,6.0,0.6,104.4,WR,,,2.9200000000000017,120.005,52.0,,,,,,,,,
Darnell Mooney,CHI,2.7,15.5,0.0,64.6,768.2,4.5,0.7,104.2,WR,,,3.0349999999999966,120.11999999999999,51.0,,,,,,,,,
Jaylen Waddle,MIA,1.0,5.6,0.0,57.1,764.5,4.7,1.2,102.7,WR,,,1.4210854715202004e-14,117.08500000000001,53.0,,,,,,,,,
Breshad Perriman,DET,1.7,9.9,0.0,53.3,774.8,4.0,0.1,102.6,WR,,,-1.4899999999999949,115.595,54.0,,,,,,,,,
Henry Ruggs III,LV,7.6,42.0,0.1,49.2,758.6,4.1,1.7,102.3,WR,,,-2.9250000000000114,114.15999999999998,57.0,,,,,,,,,
Michael Pittman Jr.,IND,3.4,22.7,0.0,57.7,753.2,4.0,0.7,100.3,WR,,,-2.469999999999999,114.615,56.0,,,,,,,,,
Tyrell Williams,DET,0.0,0.0,0.0,53.6,774.7,4.0,0.7,100.0,WR,,,-3.6149999999999807,113.47000000000001,59.0,,,,,,,,,
Cole Beasley,BUF,0.0,0.0,0.0,64.0,738.9,4.4,0.6,99.2,WR,,,-1.9949999999999903,115.09,55.0,,,,,,,,,
Emmanuel Sanders,BUF,1.1,6.7,0.1,57.1,697.1,5.0,0.6,99.2,WR,,,-3.029999999999987,114.055,58.0,,,,,,,,,
Nelson Agholor,NE,0.3,1.3,0.0,51.3,724.1,4.4,0.7,97.7,WR,,,-6.719999999999985,110.36500000000001,61.0,,,,,,,,,
Russell Gage,ATL,1.3,6.1,0.0,66.6,724.4,4.1,0.6,96.3,WR,,,-3.9849999999999994,113.1,60.0,,,,,,,,,
Jalen Reagor,PHI,3.1,17.5,0.1,53.8,724.0,3.8,0.7,96.1,WR,,,-7.484999999999999,109.6,62.0,,,,,,,,,
Tre'Quan Smith,NO,0.3,0.5,0.0,44.4,633.5,5.3,0.1,95.0,WR,,,-10.985,106.1,63.0,,,,,,,,,
Gabriel Davis,BUF,0.3,0.0,0.0,42.7,630.4,5.0,0.1,92.9,WR,,,-13.570000000000007,103.51499999999999,65.0,,,,,,,,,
Elijah Moore,NYJ,0.7,4.2,0.0,56.3,682.0,3.7,0.4,90.4,WR,,,-12.98999999999998,104.09500000000001,64.0,,,,,,,,,
A.J. Green,ARI,0.0,0.0,0.0,51.7,633.8,4.2,0.7,87.0,WR,,,-16.980000000000004,100.10499999999999,67.0,,,,,,,,,
Sterling Shepard,NYG,3.3,26.1,0.3,60.6,617.6,3.5,0.6,86.1,WR,,,-15.96499999999999,101.12,66.0,,,,,,,,,
Randall Cobb,GB,1.5,7.6,0.0,50.6,612.5,3.8,0.7,83.6,WR,,,-21.02499999999999,96.06,68.0,,,,,,,,,
Rondale Moore,ARI,1.1,6.1,0.0,51.9,639.7,3.3,1.2,82.5,WR,,,-22.129999999999995,94.955,69.0,,,,,,,,,
Jamison Crowder,NYJ,0.3,3.3,0.0,53.1,594.6,3.6,0.6,80.0,WR,,,-23.61999999999999,93.465,70.0,,,,,,,,,
Christian Kirk,ARI,3.9,26.9,0.0,45.0,544.8,3.8,0.6,79.4,WR,,,-27.064999999999998,90.02,73.0,,,,,,,,,
DeSean Jackson,LAR,2.8,17.1,0.1,35.6,561.9,3.6,0.6,78.9,WR,,,-29.28500000000001,87.79999999999998,76.0,,,,,,,,,
Parris Campbell,IND,4.8,30.1,0.2,45.4,549.6,3.4,0.4,78.6,WR,,,-26.964999999999975,90.12000000000002,71.0,,,,,,,,,
John Brown,LV,0.3,1.0,0.0,43.9,593.7,3.3,0.6,78.3,WR,,,-28.040000000000006,89.04499999999999,74.0,,,,,,,,,
Jakobi Meyers,NE,0.8,4.1,0.0,47.9,610.7,2.9,0.4,78.1,WR,,,-27.03,90.05499999999999,72.0,,,,,,,,,
Rashod Bateman,BAL,0.8,4.8,0.0,41.1,543.2,4.1,0.6,78.0,WR,,,-28.609999999999985,88.47500000000001,75.0,,,,,,,,,
Darius Slayton,NYG,0.8,2.6,0.0,42.3,570.6,3.5,0.6,77.1,WR,,,-29.389999999999986,87.69500000000001,77.0,,,,,,,,,
Allen Lazard,GB,1.3,9.7,0.0,40.8,551.3,3.7,0.6,77.0,WR,,,-29.784999999999997,87.3,78.0,,,,,,,,,
Terrace Marshall Jr.,CAR,0.5,2.8,0.0,44.6,582.4,3.2,1.1,75.6,WR,,,-30.414999999999992,86.67,79.0,,,,,,,,,
Marquez Callaway,NO,0.0,0.0,0.0,41.4,507.1,3.1,0.3,68.7,WR,,,-38.02499999999999,79.06,80.0,,,,,,,,,
Van Jefferson,LAR,1.4,5.8,0.0,39.3,475.2,3.3,0.1,68.2,WR,,,-39.56,77.52499999999999,82.0,,,,,,,,,
Hunter Renfrow,LV,0.0,0.0,0.0,42.4,510.4,2.9,0.6,67.2,WR,,,-39.245000000000005,77.83999999999999,81.0,,,,,,,,,
Anthony Miller,HOU,2.2,10.3,0.1,41.9,499.3,2.7,0.7,66.4,WR,,,-40.25,76.835,83.0,,,,,,,,,
Sammy Watkins,BAL,0.8,7.5,0.0,36.9,454.3,3.5,0.6,65.9,WR,,,-41.879999999999995,75.205,84.0,,,,,,,,,
Josh Reynolds,TEN,0.8,4.5,0.0,36.1,469.5,3.1,0.6,64.8,WR,,,-43.25999999999998,73.82500000000002,85.0,,,,,,,,,
Marquez Valdes-Scantling,GB,2.5,14.8,0.0,25.7,438.1,3.3,0.6,64.4,WR,,,-46.769999999999996,70.315,88.0,,,,,,,,,
Chris Conley,HOU,0.0,0.0,0.0,34.7,489.1,2.6,0.6,63.3,WR,,,-45.099999999999994,71.985,86.0,,,,,,,,,
Keelan Cole Sr.,NYJ,0.0,0.0,0.0,37.0,475.9,2.6,0.5,62.5,WR,,,-45.644999999999996,71.44,87.0,,,,,,,,,
Denzel Mims,NYJ,0.3,0.8,0.0,33.7,477.7,2.3,0.1,61.7,WR,,,-47.209999999999994,69.875,89.0,,,,,,,,,
James Washington,PIT,0.0,0.0,0.0,33.3,452.2,2.9,0.6,61.5,WR,,,-47.34,69.74499999999999,90.0,,,,,,,,,
Amon-Ra St. Brown,DET,0.0,0.0,0.0,38.1,461.0,2.3,0.2,59.6,WR,,,-48.06,69.02499999999999,91.0,,,,,,,,,
Rashard Higgins,CLE,0.0,0.0,0.0,28.8,432.1,2.9,0.6,59.3,WR,,,-50.474999999999994,66.61,93.0,,,,,,,,,
Demarcus Robinson,KC,0.0,0.0,0.0,34.2,410.8,3.2,0.6,59.1,WR,,,-49.454999999999984,67.63000000000001,92.0,,,,,,,,,
D'Wayne Eskridge,SEA,1.5,8.1,0.1,33.1,403.8,2.8,0.2,58.0,WR,,,-50.620000000000005,66.46499999999999,94.0,,,,,,,,,
Zach Pascal,IND,0.3,2.0,0.0,28.2,382.7,3.1,0.0,56.8,WR,,,-52.96499999999999,64.12,96.0,,,,,,,,,
Jalen Guyton,LAC,2.0,7.9,0.1,27.4,419.5,2.3,0.1,56.6,WR,,,-53.294999999999995,63.79,97.0,,,,,,,,,
Bryan Edwards,LV,0.0,0.0,0.0,30.1,416.4,2.4,0.2,55.6,WR,,,-53.919999999999995,63.165,98.0,,,,,,,,,
Geronimo Allison,DET,0.0,0.0,0.0,38.9,419.4,2.3,0.0,55.4,WR,,,-51.620000000000005,65.46499999999999,95.0,,,,,,,,,
Josh Palmer,LAC,1.0,6.0,0.0,30.0,416.7,2.5,1.0,55.2,WR,,,-54.315,62.769999999999996,99.0,,,,,,,,,
KJ Hamler,DEN,8.9,43.9,0.2,30.2,361.5,2.4,0.6,54.5,WR,,,-54.595,62.489999999999995,100.0,,,,,,,,,
Nico Collins,HOU,0.0,0.0,0.0,31.0,418.9,2.1,0.3,54.2,WR,,,-55.44499999999999,61.64,101.0,,,,,,,,,
Kadarius Toney,NYG,6.6,39.9,0.2,29.6,353.4,1.9,0.3,51.4,WR,,,-58.355,58.73,102.0,,,,,,,,,
Tim Patrick,DEN,0.0,0.0,0.0,28.4,375.2,2.5,0.6,51.2,WR,,,-58.66499999999999,58.42,103.0,,,,,,,,,
Olamide Zaccheaus,ATL,0.3,1.4,0.0,27.0,394.3,2.0,0.1,51.1,WR,,,-58.96499999999999,58.120000000000005,104.0,,,,,,,,,
Keke Coutee,HOU,0.7,3.7,0.3,34.2,391.4,2.0,2.2,49.1,WR,,,-59.625,57.459999999999994,105.0,,,,,,,,,
Preston Williams,MIA,0.0,0.0,0.0,24.5,314.7,2.9,0.6,47.9,WR,,,-63.29,53.794999999999995,108.0,,,,,,,,,
Kendrick Bourne,NE,0.0,0.0,0.0,28.6,363.0,1.9,0.1,47.6,WR,,,-62.434999999999995,54.65,107.0,,,,,,,,,
Mohamed Sanu,SF,1.3,5.7,0.0,33.9,352.2,2.1,0.5,47.1,WR,,,-61.21999999999999,55.865,106.0,,,,,,,,,
Deonte Harris,NO,7.3,47.8,0.1,27.5,311.4,1.6,0.2,46.1,WR,,,-64.48999999999998,52.595000000000006,109.0,,,,,,,,,
Tyron Johnson,LAC,2.3,13.0,0.0,19.9,311.3,2.1,0.1,45.2,WR,,,-67.28,49.805,111.0,,,,,,,,,
Dyami Brown,WAS,0.0,0.0,0.0,23.3,324.6,1.8,0.2,42.7,WR,,,-68.39999999999998,48.68500000000001,112.0,,,,,,,,,
Adam Humphries,WAS,0.0,0.0,0.0,30.3,330.9,1.6,0.1,42.4,WR,,,-67.02,50.065,110.0,,,,,,,,,
Richie James Jr.,SF,0.8,0.0,0.0,23.8,364.3,1.5,2.1,41.1,WR,,,-69.905,47.18,113.0,,,,,,,,,
Byron Pringle,KC,0.0,0.0,0.0,22.6,290.1,2.0,0.2,40.8,WR,,,-70.82499999999999,46.260000000000005,114.0,,,,,,,,,
Quintez Cephus,DET,0.0,0.0,0.0,23.9,316.6,1.5,0.2,40.2,WR,,,-70.85,46.23500000000001,115.0,,,,,,,,,
Damiere Byrd,CHI,0.3,2.0,0.0,26.7,304.7,1.5,0.6,38.8,WR,,,-71.94,45.144999999999996,116.0,,,,,,,,,
Travis Fulgham,PHI,0.0,0.0,0.0,22.4,290.2,1.6,0.1,38.5,WR,,,-73.065,44.02,117.0,,,,,,,,,
Scotty Miller,TB,1.4,7.7,0.1,17.0,244.7,1.8,0.1,36.5,WR,,,-76.395,40.69,119.0,,,,,,,,,
Isaiah McKenzie,BUF,5.7,28.5,0.2,18.9,200.7,1.9,0.1,35.5,WR,,,-77.03999999999999,40.045,120.0,,,,,,,,,
Tutu Atwell,LAR,0.0,0.0,0.0,21.3,276.9,1.4,0.2,35.5,WR,,,-76.07,41.015,118.0,,,,,,,,,
Isaiah Coulter,HOU,1.0,4.0,0.0,18.3,275.6,1.5,1.0,35.0,WR,,,-77.54999999999998,39.535000000000004,121.0,,,,,,,,,
Auden Tate,CIN,0.0,0.0,0.0,20.7,261.6,1.4,0.1,34.5,WR,,,-77.55,39.535,122.0,,,,,,,,,
Amari Rodgers,GB,2.0,12.4,0.1,18.0,221.4,1.3,0.1,31.5,WR,,,-81.005,36.08,123.0,,,,,,,,,
Donovan Peoples-Jones,CLE,0.0,0.0,0.0,17.1,225.5,1.2,0.1,29.8,WR,,,-83.25999999999999,33.824999999999996,124.0,,,,,,,,,
Collin Johnson,JAC,0.0,0.0,0.0,17.9,212.9,1.1,0.1,27.6,WR,,,-84.91999999999999,32.165,126.0,,,,,,,,,
Greg Ward,PHI,0.0,0.0,0.0,21.1,208.9,1.2,0.2,27.4,WR,,,-84.11999999999999,32.965,125.0,,,,,,,,,
N'Keal Harry,NE,0.9,5.6,0.0,15.4,187.0,1.3,0.1,27.3,WR,,,-86.375,30.71,128.0,,,,,,,,,
Devin Duvernay,BAL,1.7,11.7,0.0,17.0,188.1,1.2,0.1,27.3,WR,,,-85.85499999999999,31.23,127.0,,,,,,,,,
Dez Fitzpatrick,TEN,0.0,0.0,0.0,15.4,200.3,1.0,0.1,25.9,WR,,,-87.40499999999999,29.680000000000003,129.0,,,,,,,,,
Marquise Goodwin,CHI,0.0,0.0,0.0,15.0,197.9,1.0,0.1,25.8,WR,,,-87.74499999999999,29.340000000000003,131.0,,,,,,,,,
Freddie Swain,SEA,0.0,0.0,0.0,14.0,175.7,1.4,0.1,25.7,WR,,,-87.815,29.27,132.0,,,,,,,,,
Ty Montgomery,NO,8.5,39.0,0.1,14.8,155.4,1.0,0.1,25.6,WR,,,-87.54499999999999,29.540000000000003,130.0,,,,,,,,,
Phillip Dorsett II,JAC,0.0,0.0,0.0,14.2,172.7,1.1,0.1,23.7,WR,,,-89.865,27.220000000000002,133.0,,,,,,,,,
David Moore,CAR,1.2,7.7,0.0,11.8,162.6,1.0,0.1,22.9,WR,,,-91.30499999999999,25.78,134.0,,,,,,,,,
Willie Snead IV,LV,0.0,0.0,0.0,14.4,167.7,0.9,0.1,21.9,WR,,,-91.51499999999999,25.570000000000004,135.0,,,,,,,,,
Dede Westbrook,MIN,0.7,3.6,0.0,12.0,127.7,1.0,0.1,19.1,WR,,,-95.15499999999999,21.930000000000003,136.0,,,,,,,,,
KeeSean Johnson,ARI,0.0,0.0,0.0,10.7,122.2,1.0,0.0,18.2,WR,,,-96.19,20.895,137.0,,,,,,,,,
Andy Isabella,ARI,0.0,0.0,0.0,11.0,136.6,0.7,0.0,17.9,WR,,,-96.475,20.61,138.0,,,,,,,,,
Christian Blake,ATL,0.0,0.0,0.0,12.5,146.4,0.5,0.1,17.5,WR,,,-96.52,20.565,139.0,,,,,,,,,
Ray-Ray McCloud,PIT,3.0,19.1,0.1,11.3,113.5,0.7,0.2,17.3,WR,,,-96.6,20.485000000000003,140.0,,,,,,,,,
Lynn Bowden Jr.,MIA,10.2,49.3,0.2,10.8,98.8,0.2,0.1,17.3,WR,,,-97.375,19.71,141.0,,,,,,,,,
Miles Boykin,BAL,0.8,4.9,0.0,9.1,123.5,0.7,0.1,17.1,WR,,,-97.97,19.115,142.0,,,,,,,,,
Cedrick Wilson,DAL,0.0,0.0,0.0,9.7,126.8,0.7,0.1,16.6,WR,,,-97.97999999999999,19.105,143.0,,,,,,,,,
Chris Moore,HOU,0.0,0.0,0.0,10.5,120.8,0.7,0.0,16.3,WR,,,-98.17999999999999,18.905,144.0,,,,,,,,,
Javon Wims,CHI,0.0,0.0,0.0,9.6,122.4,0.5,0.1,15.2,WR,,,-99.645,17.44,145.0,,,,,,,,,
Tyler Johnson,TB,0.0,0.0,0.0,8.0,102.3,0.8,0.0,14.7,WR,,,-100.05499999999999,17.03,146.0,,,,,,,,,
Jamal Agnew,JAC,6.2,34.0,0.2,6.8,75.5,0.4,0.1,14.6,WR,,,-101.035,16.05,149.0,,,,,,,,,
Jeff Smith,NYJ,0.0,0.0,0.0,9.6,107.1,0.6,0.0,14.4,WR,,,-100.375,16.71,147.0,,,,,,,,,
Noah Brown,DAL,0.0,0.0,0.0,8.6,106.1,0.6,0.1,14.3,WR,,,-100.925,16.16,148.0,,,,,,,,,
Cameron Batson,TEN,2.5,14.9,0.1,7.2,80.0,0.6,0.1,13.5,WR,,,-101.79499999999999,15.290000000000001,151.0,,,,,,,,,
Chad Beebe,MIN,0.0,0.0,0.0,7.9,96.1,0.7,0.1,13.3,WR,,,-101.5,15.584999999999999,150.0,,,,,,,,,
Andre Roberts,HOU,0.0,0.0,0.0,7.8,101.5,0.5,0.0,13.1,WR,,,-101.985,15.1,153.0,,,,,,,,,
Cam Sims,WAS,0.0,0.0,0.0,7.6,102.8,0.5,0.0,13.1,WR,,,-101.90499999999999,15.180000000000001,152.0,,,,,,,,,
Mike Thomas,CIN,0.0,0.0,0.0,7.5,93.7,0.6,0.1,12.7,WR,,,-102.44,14.645000000000001,154.0,,,,,,,,,
Frank Darby,ATL,0.0,0.0,0.0,7.3,92.4,0.5,0.0,11.9,WR,,,-103.02,14.065,155.0,,,,,,,,,
Chris Hogan,NO,0.0,0.0,0.0,6.3,84.8,0.6,0.0,11.8,WR,,,-103.42999999999999,13.655,156.0,,,,,,,,,
Alex Erickson,HOU,0.0,0.0,0.0,7.9,92.5,0.4,0.1,11.7,WR,,,-103.66,13.425,159.0,,,,,,,,,
Penny Hart,SEA,1.8,9.3,0.0,6.3,73.8,0.5,0.0,11.7,WR,,,-104.19999999999999,12.884999999999998,161.0,,,,,,,,,
Kalif Raymond,DET,0.0,0.0,0.0,7.5,101.1,0.3,0.1,11.7,WR,,,-103.5,13.585,157.0,,,,,,,,,
Anthony Schwartz,CLE,0.0,0.0,0.0,6.8,82.4,0.6,0.0,11.5,WR,,,-103.54499999999999,13.54,158.0,,,,,,,,,
Juwan Johnson,NO,0.0,0.0,0.0,7.8,103.7,0.1,0.0,10.7,WR,,,-104.16499999999999,12.92,160.0,,,,,,,,,
DaeSean Hamilton,DEN,0.0,0.0,0.0,7.3,75.2,0.5,0.0,10.4,WR,,,-104.74,12.344999999999999,162.0,,,,,,,,,
Steven Sims Jr.,WAS,0.0,0.0,0.0,6.0,75.2,0.4,0.0,10.0,WR,,,-105.66499999999999,11.420000000000002,163.0,,,,,,,,,
Nick Westbrook-Ikhine,TEN,0.0,0.0,0.0,5.3,70.4,0.4,0.0,9.6,WR,,,-106.32,10.765,165.0,,,,,,,,,
Jalen Hurd,SF,4.7,28.8,0.2,3.3,41.3,0.3,0.1,9.5,WR,,,-106.44999999999999,10.635000000000002,167.0,,,,,,,,,
Antonio Gandy-Golden,WAS,1.0,5.8,0.0,4.9,64.9,0.4,0.0,9.4,WR,,,-106.38999999999999,10.695,166.0,,,,,,,,,
Albert Wilson,MIA,1.6,8.8,0.0,6.0,61.9,0.4,0.0,9.4,WR,,,-106.115,10.97,164.0,,,,,,,,,
John Ross,NYG,0.7,3.9,0.0,4.3,56.6,0.5,0.1,9.2,WR,,,-107.16,9.925,168.0,,,,,,,,,
Tajae Sharpe,ATL,0.0,0.0,0.0,4.7,58.7,0.4,0.0,8.0,WR,,,-107.63999999999999,9.445000000000002,169.0,,,,,,,,,
Shi Smith,CAR,0.0,0.0,0.0,5.1,62.6,0.3,0.0,7.8,WR,,,-107.75,9.335,170.0,,,,,,,,,
Lil'Jordan Humphrey,NO,0.0,0.0,0.0,4.2,54.7,0.3,0.0,7.5,WR,,,-108.76499999999999,8.32,171.0,,,,,,,,,
Diontae Spencer,DEN,2.4,13.6,0.1,3.6,40.1,0.2,0.0,7.2,WR,,,-109.01499999999999,8.070000000000002,173.0,,,,,,,,,
Cornell Powell,KC,0.0,0.0,0.0,3.8,48.5,0.3,0.0,6.8,WR,,,-109.485,7.6000000000000005,177.0,,,,,,,,,
Simi Fehoko,DAL,0.0,0.0,0.0,3.9,50.6,0.3,0.0,6.8,WR,,,-109.25,7.835,174.0,,,,,,,,,
Victor Bolden Jr.,DET,0.0,0.0,0.0,4.6,52.1,0.3,0.0,6.8,WR,,,-108.925,8.16,172.0,,,,,,,,,
Ihmir Smith-Marsette,MIN,0.0,0.0,0.0,4.6,60.7,0.1,0.0,6.8,WR,,,-109.26499999999999,7.82,175.0,,,,,,,,,
Tylan Wallace,BAL,0.0,0.0,0.0,3.5,45.7,0.3,0.0,6.6,WR,,,-109.83999999999999,7.245,181.0,,,,,,,,,
Isaiah Hodgins,BUF,0.0,0.0,0.0,3.7,46.9,0.3,0.0,6.6,WR,,,-109.66999999999999,7.415,179.0,,,,,,,,,
Jaelon Darden,TB,0.0,0.0,0.0,4.2,48.0,0.3,0.0,6.5,WR,,,-109.43499999999999,7.65,176.0,,,,,,,,,
Marcus Johnson,TEN,0.0,0.0,0.0,3.6,43.6,0.3,0.0,6.3,WR,,,-110.02499999999999,7.0600000000000005,183.0,,,,,,,,,
Greg Dortch,ARI,0.0,0.0,0.0,4.1,46.9,0.3,0.0,6.3,WR,,,-109.57,7.515000000000001,178.0,,,,,,,,,
Quez Watkins,PHI,0.0,0.0,0.0,3.7,48.9,0.2,0.0,6.2,WR,,,-110.07,7.015000000000001,184.0,,,,,,,,,
Riley Ridley,CHI,0.0,0.0,0.0,3.8,45.4,0.3,0.0,6.2,WR,,,-109.79499999999999,7.29,180.0,,,,,,,,,
Trent Sherfield,SF,0.0,0.0,0.0,3.5,45.5,0.3,0.0,6.1,WR,,,-109.86,7.225,182.0,,,,,,,,,
Jakeem Grant Sr.,MIA,1.5,8.4,0.0,3.2,35.1,0.2,0.0,5.9,WR,,,-110.735,6.3500000000000005,188.0,,,,,,,,,
Chester Rogers,TEN,0.0,0.0,0.0,3.9,38.0,0.3,0.0,5.7,WR,,,-110.50999999999999,6.574999999999999,186.0,,,,,,,,,
Gunner Olszewski,NE,1.8,9.7,0.1,2.8,33.8,0.2,0.0,5.7,WR,,,-110.235,6.85,185.0,,,,,,,,,
Zay Jones,LV,0.0,0.0,0.0,3.3,37.3,0.3,0.0,5.5,WR,,,-110.72999999999999,6.3549999999999995,187.0,,,,,,,,,
Dazz Newsome,CHI,0.0,0.0,0.0,3.3,42.6,0.2,0.0,5.5,WR,,,-110.8,6.285000000000001,189.0,,,,,,,,,
Trent Taylor,CIN,0.0,0.0,0.0,3.9,40.0,0.2,0.0,5.4,WR,,,-110.91,6.175,190.0,,,,,,,,,
Marcus Kemp,KC,0.0,0.0,0.0,2.4,30.5,0.2,0.0,4.2,WR,,,-112.235,4.85,191.0,,,,,,,,,
Devin Funchess,GB,0.0,0.0,0.0,2.0,26.0,0.2,0.0,3.8,WR,,,-112.785,4.300000000000001,192.0,,,,,,,,,
Isaac Whitney,ARI,0.0,0.0,0.0,2.1,24.1,0.2,0.0,3.4,WR,,,-112.94999999999999,4.135000000000001,193.0,,,,,,,,,
Kawaan Baker,NO,0.0,0.0,0.0,1.9,25.8,0.1,0.0,3.4,WR,,,-113.42999999999999,3.6550000000000002,198.0,,,,,,,,,
Justin Watson,TB,0.0,0.0,0.0,1.9,23.3,0.2,0.0,3.3,WR,,,-113.08,4.005,194.0,,,,,,,,,
Terry Godwin,JAC,0.0,0.0,0.0,2.0,22.5,0.2,0.0,3.3,WR,,,-113.13499999999999,3.95,195.0,,,,,,,,,
J.J. Arcega-Whiteside,PHI,0.0,0.0,0.0,1.6,23.3,0.2,0.0,3.2,WR,,,-113.15499999999999,3.93,196.0,,,,,,,,,
Brandon Powell,BUF,0.0,0.0,0.0,2.0,21.8,0.2,0.0,3.2,WR,,,-113.205,3.8800000000000003,197.0,,,,,,,,,
K.J. Hill Jr.,LAC,1.0,6.2,0.0,1.4,16.7,0.1,0.0,2.9,WR,,,-113.845,3.24,201.0,,,,,,,,,
Braxton Berrios,NYJ,1.0,5.8,0.0,1.5,17.4,0.1,0.0,2.9,WR,,,-113.78999999999999,3.295,199.0,,,,,,,,,
Allen Hurns,MIA,0.0,0.0,0.0,1.6,16.7,0.2,0.0,2.8,WR,,,-113.815,3.27,200.0,,,,,,,,,
Mike Strachan,IND,0.0,0.0,0.0,1.6,20.5,0.1,0.0,2.7,WR,,,-114.035,3.0500000000000003,205.5,,,,,,,,,
Dezmon Patmon,IND,0.0,0.0,0.0,1.6,20.5,0.1,0.0,2.7,WR,,,-114.035,3.0500000000000003,205.5,,,,,,,,,
Racey McMath,TEN,0.0,0.0,0.0,1.5,19.3,0.1,0.0,2.7,WR,,,-114.17999999999999,2.9050000000000002,207.0,,,,,,,,,
Equanimeous St. Brown,GB,0.0,0.0,0.0,1.3,17.1,0.2,0.0,2.7,WR,,,-113.85,3.2350000000000003,202.0,,,,,,,,,
Travis Benjamin,SF,0.0,0.0,0.0,1.2,17.3,0.2,0.0,2.7,WR,,,-113.85499999999999,3.2300000000000004,203.0,,,,,,,,,
Seth Williams,DEN,0.0,0.0,0.0,1.7,20.3,0.1,0.0,2.7,WR,,,-114.02999999999999,3.055,204.0,,,,,,,,,
Malik Taylor,GB,0.0,0.0,0.0,1.2,13.8,0.2,0.0,2.4,WR,,,-114.205,2.88,208.0,,,,,,,,,
Malcolm Perry,MIA,1.8,9.4,0.1,0.9,9.1,0.0,0.0,2.3,WR,,,-114.41,2.6750000000000003,209.0,,,,,,,,,
Kendall Hinton,DEN,1.2,6.4,0.0,1.1,12.1,0.0,0.0,1.9,WR,,,-114.96,2.125,212.0,,,,,,,,,
Brandon Zylstra,CAR,0.0,0.0,0.0,1.2,15.2,0.1,0.0,1.8,WR,,,-114.66499999999999,2.42,211.0,,,,,,,,,
Isaiah Ford,MIA,0.0,0.0,0.0,1.6,15.0,0.1,0.0,1.8,WR,,,-114.585,2.5,210.0,,,,,,,,,
Joe Reed,LAC,0.9,4.8,0.0,0.8,9.4,0.0,0.0,1.4,WR,,,-115.46499999999999,1.62,213.0,,,,,,,,,
Matt Cole,NYG,0.9,4.3,0.0,0.9,9.5,0.0,0.0,1.4,WR,,,-115.47999999999999,1.605,214.0,,,,,,,,,
DeMichael Harris,IND,0.9,4.7,0.0,0.7,8.1,0.0,0.0,1.3,WR,,,-115.63,1.455,216.0,,,,,,,,,
Trey Quinn,LV,0.0,0.0,0.0,1.2,12.3,0.0,0.0,1.2,WR,,,-115.55499999999999,1.5300000000000002,215.0,,,,,,,,,
Antonio Callaway,KC,0.0,0.0,0.0,0.9,11.1,0.0,0.0,1.2,WR,,,-115.75,1.3350000000000002,218.0,,,,,,,,,
Damion Ratley,DET,0.0,0.0,0.0,1.0,11.6,0.0,0.0,1.2,WR,,,-115.675,1.41,217.0,,,,,,,,,
Malik Turner,DAL,0.0,0.0,0.0,0.9,10.6,0.0,0.0,1.1,WR,,,-115.8,1.2850000000000001,219.0,,,,,,,,,
Kelvin Harmon,WAS,0.0,0.0,0.0,0.8,10.6,0.0,0.0,1.1,WR,,,-115.82499999999999,1.26,221.0,,,,,,,,,
DeAndre Carter,WAS,0.0,0.0,0.0,0.9,10.4,0.0,0.0,1.0,WR,,,-115.82,1.2650000000000001,220.0,,,,,,,,,
Vyncint Smith,NYJ,0.0,0.0,0.0,0.9,10.1,0.0,0.0,1.0,WR,,,-115.85,1.235,222.0,,,,,,,,,
John Hightower,PHI,0.0,0.0,0.0,0.7,9.8,0.0,0.0,1.0,WR,,,-115.92999999999999,1.155,230.0,,,,,,,,,
Gehrig Dieter,KC,0.0,0.0,0.0,0.9,9.7,0.0,0.0,1.0,WR,,,-115.89,1.195,223.0,,,,,,,,,
Isaiah Wright,WAS,0.0,0.0,0.0,0.9,9.6,0.0,0.0,1.0,WR,,,-115.89999999999999,1.185,224.0,,,,,,,,,
Jason Moore,LAC,0.0,0.0,0.0,0.8,9.5,0.0,0.0,1.0,WR,,,-115.93499999999999,1.1500000000000001,231.0,,,,,,,,,
Nsimba Webster,SF,0.0,0.0,0.0,0.9,9.5,0.0,0.0,1.0,WR,,,-115.91,1.175,225.5,,,,,,,,,
Darrius Shepherd,KC,0.0,0.0,0.0,0.9,9.5,0.0,0.0,0.9,WR,,,-115.91,1.175,225.5,,,,,,,,,
Josh Malone,NYJ,0.0,0.0,0.0,0.9,9.4,0.0,0.0,0.9,WR,,,-115.91999999999999,1.165,227.0,,,,,,,,,
Jake Lampman,NO,0.0,0.0,0.0,0.7,9.4,0.0,0.0,0.9,WR,,,-115.97,1.115,237.0,,,,,,,,,
Jeff Badet,ATL,0.0,0.0,0.0,0.9,9.3,0.0,0.0,0.9,WR,,,-115.92999999999999,1.1550000000000002,228.5,,,,,,,,,
Chris Rowland,ATL,0.0,0.0,0.0,0.9,9.3,0.0,0.0,0.9,WR,,,-115.92999999999999,1.1550000000000002,228.5,,,,,,,,,
Keelan Doss,LV,0.0,0.0,0.0,0.8,9.3,0.0,0.0,0.9,WR,,,-115.955,1.1300000000000001,233.0,,,,,,,,,
Chad Hansen,DET,0.0,0.0,0.0,0.9,9.2,0.0,0.0,0.9,WR,,,-115.94,1.145,232.0,,,,,,,,,
Trenton Irwin,CIN,0.0,0.0,0.0,0.8,9.2,0.0,0.0,0.9,WR,,,-115.96499999999999,1.1199999999999999,235.5,,,,,,,,,
Tanner Gentry,BUF,0.0,0.0,0.0,0.8,9.2,0.0,0.0,0.9,WR,,,-115.96499999999999,1.1199999999999999,235.5,,,,,,,,,
Marcell Ateman,LV,0.0,0.0,0.0,0.7,9.1,0.0,0.0,0.9,WR,,,-116.0,1.085,242.0,,,,,,,,,
Lawrence Cager,NYJ,0.0,0.0,0.0,0.8,9.0,0.0,0.0,0.9,WR,,,-115.985,1.1,239.5,,,,,,,,,
Cyril Grayson Jr.,TB,0.0,0.0,0.0,0.9,9.0,0.0,0.0,0.9,WR,,,-115.96,1.125,234.0,,,,,,,,,
John Ursua,SEA,0.0,0.0,0.0,0.8,9.0,0.0,0.0,0.9,WR,,,-115.985,1.1,239.5,,,,,,,,,
Stanley Morgan Jr.,CIN,0.0,0.0,0.0,0.8,9.0,0.0,0.0,0.9,WR,,,-115.985,1.1,239.5,,,,,,,,,
Darvin Kidsy,SEA,0.0,0.0,0.0,0.8,9.0,0.0,0.0,0.9,WR,,,-115.985,1.1,239.5,,,,,,,,,
Marvin Hall,NE,0.0,0.0,0.0,0.7,8.9,0.0,0.0,0.9,WR,,,-116.02,1.0650000000000002,244.0,,,,,,,,,
Chad Williams,KC,0.0,0.0,0.0,0.8,8.8,0.0,0.0,0.9,WR,,,-116.005,1.08,243.0,,,,,,,,,
KhaDarel Hodge,CLE,0.0,0.0,0.0,0.7,8.8,0.0,0.0,0.9,WR,,,-116.02999999999999,1.0550000000000002,245.0,,,,,,,,,
Robert Foster,MIA,0.0,0.0,0.0,0.7,8.7,0.0,0.0,0.9,WR,,,-116.03999999999999,1.045,247.0,,,,,,,,,
Dan Chisena,MIN,0.0,0.0,0.0,0.7,8.7,0.0,0.0,0.9,WR,,,-116.03999999999999,1.045,247.0,,,,,,,,,
K.J. Osborn,MIN,0.0,0.0,0.0,0.7,8.7,0.0,0.0,0.9,WR,,,-116.03999999999999,1.045,247.0,,,,,,,,,
Derrick Willies,CLE,0.0,0.0,0.0,0.7,8.6,0.0,0.0,0.9,WR,,,-116.05,1.035,250.0,,,,,,,,,
Alexander Hollins,CLE,0.0,0.0,0.0,0.7,8.5,0.0,0.0,0.9,WR,,,-116.05999999999999,1.0250000000000001,251.0,,,,,,,,,
Laquon Treadwell,JAC,0.0,0.0,0.0,0.8,8.4,0.0,0.0,0.8,WR,,,-116.04499999999999,1.04,249.0,,,,,,,,,
Dante Pettis,NYG,0.0,0.0,0.0,0.7,8.4,0.0,0.0,0.8,WR,,,-116.07,1.0150000000000001,252.5,,,,,,,,,
Ja'Marcus Bradley,CLE,0.0,0.0,0.0,0.7,8.4,0.0,0.0,0.8,WR,,,-116.07,1.0150000000000001,252.5,,,,,,,,,
JoJo Natson,CLE,0.0,0.0,0.0,0.7,8.3,0.0,0.0,0.8,WR,,,-116.08,1.0050000000000001,255.0,,,,,,,,,
Ashton Dulin,IND,0.0,0.0,0.0,0.7,8.3,0.0,0.0,0.8,WR,,,-116.08,1.0050000000000001,255.0,,,,,,,,,
River Cracraft,SF,0.0,0.0,0.0,0.7,8.3,0.0,0.0,0.8,WR,,,-116.08,1.0050000000000001,255.0,,,,,,,,,
Justin Hardy,CHI,0.0,0.0,0.0,0.7,8.0,0.0,0.0,0.8,WR,,,-116.11,0.9750000000000001,260.0,,,,,,,,,
Mack Hollins,MIA,0.0,0.0,0.0,0.8,8.0,0.0,0.0,0.8,WR,,,-116.085,1.0,257.0,,,,,,,,,
Fred Brown,TEN,0.0,0.0,0.0,0.7,8.0,0.0,0.0,0.8,WR,,,-116.11,0.9750000000000001,260.0,,,,,,,,,
Tyrie Cleveland,DEN,0.0,0.0,0.0,0.7,8.0,0.0,0.0,0.8,WR,,,-116.11,0.9750000000000001,260.0,,,,,,,,,
Kevin White,SF,0.0,0.0,0.0,0.7,8.0,0.0,0.0,0.8,WR,,,-116.11,0.9750000000000001,260.0,,,,,,,,,
Cody Hollister,TEN,0.0,0.0,0.0,0.7,8.0,0.0,0.0,0.8,WR,,,-116.11,0.9750000000000001,260.0,,,,,,,,,
C.J. Board,NYG,0.0,0.0,0.0,0.7,7.7,0.0,0.0,0.8,WR,,,-116.14,0.9450000000000001,263.0,,,,,,,,,
Keith Kirkwood,CAR,0.0,0.0,0.0,0.7,7.6,0.0,0.0,0.8,WR,,,-116.14999999999999,0.935,264.5,,,,,,,,,
Jordan Matthews,SF,0.0,0.0,0.0,0.7,7.6,0.0,0.0,0.8,WR,,,-116.14999999999999,0.935,264.5,,,,,,,,,
Ryan Switzer,CLE,0.0,0.0,0.0,0.8,7.1,0.0,0.0,0.7,WR,,,-116.175,0.9099999999999999,266.0,,,,,,,,,
Josh Allen,BUF,110.9,519.7,7.6,,,,5.1,378.5,QB,,,74.536,,,605.1,400.0,4565.6,33.7,13.3,378.194,1.0,,
Patrick Mahomes II,KC,55.3,267.2,2.9,,,,2.5,376.4,QB,,,72.37399999999997,,,630.5,418.9,5027.8,38.5,9.1,376.032,2.0,,
Kyler Murray,ARI,125.8,698.8,7.7,,,,3.7,357.7,QB,,,53.94999999999999,,,588.5,389.7,4198.2,26.7,12.9,357.608,3.0,,
Lamar Jackson,BAL,152.9,920.2,6.7,,,,4.0,349.3,QB,,,45.678000000000054,,,462.1,296.3,3377.9,28.6,12.2,349.33600000000007,4.0,,
Dak Prescott,DAL,63.4,296.5,4.0,,,,4.2,341.3,QB,,,37.32400000000001,,,623.3,416.4,4848.3,31.0,11.1,340.982,5.0,,
Aaron Rodgers,GB,41.0,174.1,1.9,,,,3.1,334.7,QB,,,30.864000000000033,,,571.7,385.6,4447.8,37.1,7.2,334.52200000000005,6.0,,
Russell Wilson,SEA,82.8,447.3,2.1,,,,3.5,332.8,QB,,,29.351999999999975,,,569.7,380.0,4242.0,34.4,12.3,333.01,7.0,,
Justin Herbert,LAC,61.2,272.9,4.4,,,,2.6,329.6,QB,,,26.087999999999965,,,616.1,400.0,4581.4,30.5,12.0,329.746,8.0,,
Tom Brady,TB,24.5,31.7,2.1,,,,2.2,323.4,QB,,,19.687999999999988,,,621.2,404.4,4694.4,37.0,11.9,323.346,9.0,,
Ryan Tannehill,TEN,51.8,229.5,3.5,,,,2.9,303.8,QB,,,0.32799999999997453,,,527.7,348.9,4120.9,30.5,10.5,303.986,10.0,,
Jalen Hurts,PHI,133.8,691.1,5.8,,,,4.8,303.7,QB,,,-5.684341886080802e-14,,,536.6,328.1,3703.7,22.5,14.4,303.65799999999996,11.0,,
Joe Burrow,CIN,54.4,228.4,3.0,,,,4.2,286.9,QB,,,-17.033999999999992,,,610.3,398.7,4299.6,26.4,11.7,286.624,12.0,,
Matthew Stafford,LAR,33.3,126.4,0.7,,,,3.2,285.1,QB,,,-18.617999999999995,,,613.0,405.9,4570.0,28.7,11.5,285.04,13.0,,
Trevor Lawrence,JAC,66.8,342.6,2.3,,,,5.2,276.0,QB,,,-27.769999999999982,,,590.7,377.7,4130.7,25.0,13.5,275.88800000000003,14.0,,
Kirk Cousins,MIN,35.4,114.4,1.1,,,,4.1,275.0,QB,,,-28.53800000000001,,,541.6,364.0,4272.0,30.1,13.0,275.12,15.0,,
Matt Ryan,ATL,32.7,117.4,1.4,,,,4.3,272.9,QB,,,-30.55400000000003,,,613.7,400.9,4509.1,26.8,13.0,273.104,16.0,,
Baker Mayfield,CLE,44.1,168.1,1.8,,,,3.3,267.6,QB,,,-35.716000000000065,,,536.7,342.6,3943.3,28.0,11.4,267.94199999999995,17.0,,
Derek Carr,LV,30.4,106.9,1.8,,,,5.2,266.8,QB,,,-36.403999999999996,,,564.9,374.4,4309.1,26.4,10.9,267.254,18.0,,
Tua Tagovailoa,MIA,54.3,205.7,2.7,,,,1.7,266.7,QB,,,-36.77600000000001,,,574.1,373.8,3942.8,25.7,13.5,266.882,19.0,,
Ryan Fitzpatrick,WAS,50.8,245.0,3.0,,,,2.3,261.3,QB,,,-42.27400000000006,,,575.7,380.5,4067.1,23.5,16.6,261.38399999999996,20.0,,
Ben Roethlisberger,PIT,20.8,44.9,0.5,,,,2.2,260.4,QB,,,-43.39599999999996,,,618.3,400.9,4179.3,29.5,14.0,260.26200000000006,21.0,,
Daniel Jones,NYG,70.3,403.0,2.6,,,,8.5,251.6,QB,,,-52.38599999999997,,,546.9,342.4,3749.3,22.4,13.6,251.27200000000005,22.0,,
Sam Darnold,CAR,50.3,219.8,3.3,,,,3.9,248.6,QB,,,-54.85000000000002,,,556.1,350.6,3920.7,22.0,15.0,248.808,23.0,,
Zach Wilson,NYJ,65.5,310.7,2.3,,,,5.5,239.2,QB,,,-64.172,,,547.6,342.4,3845.4,20.8,15.7,239.48600000000002,24.0,,
Jared Goff,DET,39.4,89.1,1.7,,,,4.2,236.9,QB,,,-66.44399999999996,,,579.6,371.3,4157.6,22.5,14.9,237.21400000000006,25.0,,
Trey Lance,SF,74.5,372.3,3.2,,,,4.0,230.1,QB,,,-73.268,,,411.3,267.4,3099.0,19.9,10.8,230.39000000000001,26.0,,
Justin Fields,CHI,68.9,343.7,2.8,,,,4.5,225.6,QB,,,-77.92800000000003,,,461.6,294.5,3159.0,19.9,11.2,225.73,27.0,,
Carson Wentz,IND,53.9,235.0,2.6,,,,5.7,218.8,QB,,,-84.66200000000003,,,468.4,292.7,3212.4,21.4,11.4,218.99599999999998,28.0,,
Deshaun Watson,HOU,49.2,232.4,2.5,,,,2.0,195.0,QB,,,-108.898,,,339.9,231.8,2768.0,16.3,7.7,194.76000000000002,29.0,,
Cam Newton,NE,81.7,354.2,5.7,,,,1.8,184.9,QB,,,-118.506,,,303.6,198.4,2188.3,12.7,9.6,185.15200000000002,30.0,,
Jameis Winston,NO,38.1,160.8,0.9,,,,3.9,175.6,QB,,,-128.58200000000002,,,383.0,248.1,2789.9,18.8,12.7,175.076,31.0,,
Teddy Bridgewater,DEN,31.7,136.0,1.7,,,,1.2,138.1,QB,,,-165.79000000000002,,,291.3,185.5,2096.7,12.7,9.1,137.868,32.0,,
Taysom Hill,NO,75.6,395.5,4.5,,,,3.4,131.9,QB,,,-172.01600000000002,,,183.4,122.4,1282.3,7.6,4.9,131.642,33.0,,
Tyrod Taylor,HOU,29.8,141.1,1.2,,,,1.1,125.9,QB,,,-177.73999999999998,,,277.0,169.9,1925.2,10.1,5.3,125.91800000000003,34.0,,
Drew Lock,DEN,28.2,111.5,1.0,,,,2.4,112.4,QB,,,-191.14800000000002,,,263.3,155.5,1784.0,11.0,7.6,112.50999999999999,35.0,,
Mac Jones,NE,18.6,68.8,0.9,,,,1.2,94.2,QB,,,-209.13800000000003,,,217.8,136.5,1536.0,8.9,6.2,94.51999999999998,36.0,,
Jimmy Garoppolo,SF,12.1,25.4,0.4,,,,1.2,78.5,QB,,,-225.13,,,169.1,115.2,1339.7,7.9,4.6,78.528,37.0,,
Davis Mills,HOU,13.0,55.3,0.6,,,,1.4,78.3,QB,,,-225.56800000000004,,,191.2,119.0,1369.0,6.8,5.1,78.08999999999999,38.0,,
Andy Dalton,CHI,9.8,31.6,0.3,,,,0.8,57.6,QB,,,-246.48200000000003,,,140.2,88.6,965.4,5.5,3.4,57.175999999999995,39.0,,
Jacob Eason,IND,9.0,40.9,0.5,,,,0.3,46.8,QB,,,-256.604,,,111.6,68.7,754.1,4.3,3.4,47.05400000000001,40.0,,
Kyle Trask,TB,1.3,5.0,0.0,,,,0.2,16.4,QB,,,-287.50600000000003,,,34.5,21.3,246.3,1.9,0.7,16.152,42.0,,
Taylor Heinicke,WAS,5.7,22.8,0.1,,,,0.2,16.2,QB,,,-287.294,,,37.2,23.5,257.1,1.6,1.4,16.364000000000004,41.0,,
Jeff Driskel,HOU,3.4,18.1,0.2,,,,0.2,15.5,QB,,,-287.692,,,33.8,21.1,243.9,1.3,0.8,15.966,43.0,,
Mason Rudolph,PIT,2.8,9.4,0.1,,,,0.2,14.6,QB,,,-288.986,,,35.8,22.1,243.3,1.4,0.9,14.672000000000004,44.0,,
Jacoby Brissett,MIA,4.3,14.1,0.2,,,,0.3,14.3,QB,,,-289.164,,,32.0,20.1,227.1,1.1,0.5,14.494000000000002,45.0,,
Phillip Walker,CAR,2.0,6.1,0.1,,,,0.5,13.4,QB,,,-289.956,,,39.6,25.1,287.3,1.0,1.0,13.702000000000002,46.0,,
James Morgan,NYJ,1.5,5.6,0.0,,,,0.2,12.1,QB,,,-292.07,,,31.6,19.4,215.7,1.3,1.2,11.588,47.0,,
Kellen Mond,MIN,1.7,7.7,0.1,,,,0.1,10.7,QB,,,-292.808,,,20.9,13.2,152.0,1.1,0.4,10.85,49.0,,
Joe Flacco,PHI,2.4,9.8,0.1,,,,0.7,10.5,QB,,,-292.762,,,30.4,19.1,202.9,1.0,0.7,10.895999999999999,48.0,,
Marcus Mariota,LV,4.5,24.0,0.1,,,,0.1,10.5,QB,,,-292.986,,,21.4,13.4,151.8,0.8,0.7,10.672000000000002,50.0,,
Sam Ehlinger,IND,2.0,7.0,0.0,,,,0.0,9.9,QB,,,-293.798,,,31.0,17.0,179.0,1.0,1.0,9.86,51.0,,
Gardner Minshew II,JAC,2.4,11.9,0.0,,,,0.6,9.8,QB,,,-293.896,,,22.9,15.1,159.3,1.1,0.5,9.762000000000002,53.0,,
Tim Boyle,DET,2.7,3.3,0.0,,,,0.0,9.6,QB,,,-293.88800000000003,,,26.3,16.3,181.0,0.7,0.3,9.77,52.0,,
Mitchell Trubisky,BUF,3.6,15.2,0.1,,,,0.1,9.3,QB,,,-294.158,,,18.3,12.1,134.5,0.9,0.7,9.5,54.0,,
Chad Henne,KC,1.3,5.8,0.0,,,,0.1,9.0,QB,,,-294.802,,,21.2,13.2,151.9,0.7,0.2,8.856000000000002,55.0,,
Trace McSorley,BAL,3.3,14.4,0.1,,,,0.1,8.5,QB,,,-295.026,,,18.0,11.1,124.8,0.7,0.5,8.632,56.0,,
John Wolford,LAR,1.8,9.1,0.0,,,,0.1,8.3,QB,,,-295.312,,,22.0,13.7,150.9,0.6,0.4,8.346,57.0,,
Garrett Gilbert,DAL,1.5,6.2,0.0,,,,0.1,7.9,QB,,,-295.918,,,20.2,12.6,143.0,0.6,0.4,7.739999999999999,58.0,,
Geno Smith,SEA,1.3,2.5,0.0,,,,0.2,7.7,QB,,,-295.93600000000004,,,17.4,11.0,121.8,0.9,0.3,7.7219999999999995,59.0,,
Brandon Allen,CIN,1.3,5.1,0.0,,,,0.1,7.6,QB,,,-296.212,,,20.9,13.2,143.4,0.6,0.5,7.4460000000000015,60.0,,
Jordan Love,GB,0.7,3.1,0.0,,,,0.1,7.4,QB,,,-296.252,,,15.5,9.6,107.4,0.9,0.3,7.406000000000002,61.0,,
Chase Daniel,LAC,1.5,5.8,0.0,,,,0.1,7.2,QB,,,-296.642,,,18.3,11.6,130.9,0.6,0.5,7.016000000000002,63.0,,
Ian Book,NO,1.0,4.0,0.0,,,,0.0,7.1,QB,,,-296.538,,,17.0,12.0,118.0,1.0,1.0,7.119999999999999,62.0,,
Chris Streveler,ARI,1.6,6.7,0.1,,,,0.2,6.5,QB,,,-297.168,,,15.9,9.4,105.5,0.6,0.5,6.489999999999998,64.0,,
Tyler Huntley,BAL,3.0,16.0,0.0,,,,0.0,6.3,QB,,,-297.358,,,9.5,6.0,67.5,0.5,0.0,6.300000000000001,65.0,,
Blaine Gabbert,TB,1.3,5.3,0.0,,,,0.0,6.3,QB,,,-297.528,,,16.0,9.7,110.0,0.3,0.0,6.130000000000001,66.0,,
AJ McCarron,ATL,0.5,2.2,0.0,,,,0.2,6.2,QB,,,-297.79,,,15.6,9.9,111.2,0.6,0.4,5.868,69.0,,
Matt Barkley,TEN,0.4,1.4,0.0,,,,0.2,6.0,QB,,,-297.786,,,13.3,8.4,98.3,0.7,0.3,5.871999999999999,68.0,,
Mike Glennon,NYG,1.2,5.6,0.0,,,,0.6,5.7,QB,,,-297.71000000000004,,,18.6,11.7,124.7,0.6,0.4,5.9479999999999995,67.0,,
David Blough,DET,0.6,2.5,0.0,,,,0.2,5.6,QB,,,-298.392,,,15.5,9.4,105.4,0.5,0.4,5.266,70.0,,
Colt McCoy,ARI,1.5,8.0,0.0,,,,0.0,5.2,QB,,,-298.478,,,12.0,8.0,84.5,0.5,0.5,5.18,71.0,,
Dwayne Haskins,PIT,1.5,5.0,0.0,,,,0.0,4.9,QB,,,-298.778,,,14.0,8.5,84.5,0.5,0.5,4.88,72.0,,
Logan Woodside,TEN,2.5,7.0,0.0,,,,0.0,4.5,QB,,,-299.158,,,6.0,4.0,45.0,0.5,0.0,4.5,73.0,,
Case Keenum,CLE,0.9,3.6,0.0,,,,0.6,4.5,QB,,,-299.21000000000004,,,13.0,8.1,92.2,0.6,0.4,4.448,74.0,,
Jarrett Stidham,NE,1.5,3.0,0.0,,,,0.0,3.2,QB,,,-300.458,,,7.0,4.5,47.5,0.5,0.5,3.2,75.0,,
Nick Mullens,PHI,2.0,4.0,0.0,,,,1.0,2.2,QB,,,-301.458,,,12.0,6.5,70.0,0.5,0.5,2.200000000000001,76.0,,
Brett Hundley,IND,0.0,0.0,0.0,,,,0.0,0.0,QB,,,-303.658,,,0.0,0.0,0.0,0.0,0.0,0.0,86.5,,
Cooper Rush,DAL,0.0,0.0,0.0,,,,0.0,0.0,QB,,,-303.658,,,0.0,0.0,0.0,0.0,0.0,0.0,86.5,,
Devlin Hodges,LAR,0.0,0.0,0.0,,,,0.0,0.0,QB,,,-303.658,,,0.0,0.0,0.0,0.0,0.0,0.0,86.5,,
Jake Luton,JAC,0.0,0.0,0.0,,,,0.0,0.0,QB,,,-303.658,,,0.0,0.0,0.0,0.0,0.0,0.0,86.5,,
Sean Mannion,SEA,0.0,0.0,0.0,,,,0.0,0.0,QB,,,-303.658,,,0.0,0.0,0.0,0.0,0.0,0.0,86.5,,
Josh Rosen,SF,0.0,0.0,0.0,,,,0.0,0.0,QB,,,-303.658,,,0.0,0.0,0.0,0.0,0.0,0.0,86.5,,
Ben DiNucci,DAL,0.0,0.0,0.0,,,,0.0,0.0,QB,,,-303.658,,,0.0,0.0,0.0,0.0,0.0,0.0,86.5,,
Trevor Siemian,NO,0.0,0.0,0.0,,,,0.0,0.0,QB,,,-303.658,,,0.0,0.0,0.0,0.0,0.0,0.0,86.5,,
Kyle Lauletta,CLE,0.0,0.0,0.0,,,,0.0,0.0,QB,,,-303.658,,,0.0,0.0,0.0,0.0,0.0,0.0,86.5,,
Nate Sudfeld,SF,0.0,0.0,0.0,,,,0.0,0.0,QB,,,-303.658,,,0.0,0.0,0.0,0.0,0.0,0.0,86.5,,
Kyle Allen,WAS,0.0,0.0,0.0,,,,0.0,0.0,QB,,,-303.658,,,0.0,0.0,0.0,0.0,0.0,0.0,86.5,,
Josh Johnson,NYJ,0.0,0.0,0.0,,,,0.0,0.0,QB,,,-303.658,,,0.0,0.0,0.0,0.0,0.0,0.0,86.5,,
Will Grier,CAR,0.0,0.0,0.0,,,,0.0,0.0,QB,,,-303.658,,,0.0,0.0,0.0,0.0,0.0,0.0,86.5,,
Nathan Peterman,LV,0.0,0.0,0.0,,,,0.0,0.0,QB,,,-303.658,,,0.0,0.0,0.0,0.0,0.0,0.0,86.5,,
Nick Foles,CHI,0.0,0.0,0.0,,,,0.0,0.0,QB,,,-303.658,,,0.0,0.0,0.0,0.0,0.0,0.0,86.5,,
Joshua Dobbs,PIT,0.0,0.0,0.0,,,,0.0,0.0,QB,,,-303.658,,,0.0,0.0,0.0,0.0,0.0,0.0,86.5,,
Brett Rypien,DEN,0.0,0.0,0.0,,,,0.0,0.0,QB,,,-303.658,,,0.0,0.0,0.0,0.0,0.0,0.0,86.5,,
Ryan Griffin,TB,0.0,0.0,0.0,,,,0.0,0.0,QB,,,-303.658,,,0.0,0.0,0.0,0.0,0.0,0.0,86.5,,
C.J. Beathard,JAC,0.0,0.0,0.0,,,,0.0,0.0,QB,,,-303.658,,,0.0,0.0,0.0,0.0,0.0,0.0,86.5,,
Easton Stick,LAC,0.0,0.0,0.0,,,,0.0,0.0,QB,,,-303.658,,,0.0,0.0,0.0,0.0,0.0,0.0,86.5,,
Travis Kelce,KC,,,,112.4,1399.2,10.2,0.8,199.8,TE,,,113.135,,,,,,,,,,227.62,1.0
George Kittle,SF,,,,96.5,1204.2,6.6,0.7,158.5,TE,,,68.26,,,,,,,,,,182.745,2.0
Darren Waller,LV,,,,100.3,1144.7,7.1,0.9,155.6,TE,,,65.85999999999997,,,,,,,,,,180.34499999999997,3.0
Mark Andrews,BAL,,,,69.8,849.8,8.1,0.9,131.9,TE,,,34.74499999999996,,,,,,,,,,149.22999999999996,4.0
Kyle Pitts,ATL,,,,69.0,832.7,6.4,1.2,119.1,TE,,,22.03500000000001,,,,,,,,,,136.52,5.0
T.J. Hockenson,DET,,,,75.4,835.7,5.2,0.8,113.3,TE,,,17.53500000000001,,,,,,,,,,132.02,6.0
Dallas Goedert,PHI,,,,63.8,704.4,5.2,0.7,99.9,TE,,,1.7049999999999983,,,,,,,,,,116.19,7.0
Robert Tonyan,GB,,,,55.6,609.2,6.5,0.1,99.5,TE,,,-0.8649999999999807,,,,,,,,,,113.62000000000002,9.0
Tyler Higbee,LAR,,,,60.9,680.6,5.4,0.6,99.1,TE,,,0.0,,,,,,,,,,114.485,8.0
Noah Fant,DEN,,,,63.0,702.1,4.5,0.7,95.9,TE,,,-2.924999999999997,,,,,,,,,,111.56,10.0
Logan Thomas,WAS,,,,63.1,648.9,5.0,0.6,93.4,TE,,,-5.019999999999996,,,,,,,,,,109.465,11.0
Mike Gesicki,MIA,,,,55.4,619.4,5.3,0.7,92.2,TE,,,-8.295000000000016,,,,,,,,,,106.18999999999998,12.0
Irv Smith Jr.,MIN,,,,52.6,582.1,5.6,0.7,90.2,TE,,,-10.924999999999997,,,,,,,,,,103.56,13.0
Rob Gronkowski,TB,,,,42.1,549.3,5.6,0.2,88.1,TE,,,-15.829999999999998,,,,,,,,,,98.655,14.0
Jared Cook,LAC,,,,46.0,575.9,5.1,0.6,87.1,TE,,,-15.995000000000005,,,,,,,,,,98.49,15.0
Eric Ebron,PIT,,,,57.9,572.1,4.5,0.7,82.8,TE,,,-17.200000000000003,,,,,,,,,,97.285,16.0
Hunter Henry,NE,,,,53.7,583.5,4.2,0.6,82.3,TE,,,-18.709999999999994,,,,,,,,,,95.775,17.0
Blake Jarwin,DAL,,,,50.9,574.7,4.2,0.7,81.2,TE,,,-20.489999999999995,,,,,,,,,,93.995,19.0
Jonnu Smith,NE,,,,53.5,562.2,4.4,0.7,81.1,TE,,,-19.89,,,,,,,,,,94.595,18.0
Adam Trautman,NO,,,,51.3,561.3,4.2,0.7,79.9,TE,,,-21.730000000000004,,,,,,,,,,92.755,21.0
Evan Engram,NYG,,,,57.5,582.7,3.6,0.7,78.7,TE,,,-21.64,,,,,,,,,,92.845,20.0
Anthony Firkser,TEN,,,,49.3,529.6,3.9,0.1,76.2,TE,,,-25.999999999999986,,,,,,,,,,88.48500000000001,22.0
Austin Hooper,CLE,,,,48.6,487.1,4.4,0.6,73.8,TE,,,-28.424999999999983,,,,,,,,,,86.06000000000002,23.0
Cole Kmet,CHI,,,,48.3,482.5,3.7,1.2,68.2,TE,,,-34.36,,,,,,,,,,80.125,25.0
Zach Ertz,PHI,,,,48.1,491.4,3.4,0.6,68.2,TE,,,-34.120000000000005,,,,,,,,,,80.365,24.0
Gerald Everett,SEA,,,,41.9,432.2,3.9,0.6,65.5,TE,,,-38.59,,,,,,,,,,75.895,26.0
Jordan Akins,HOU,,,,44.0,467.1,2.8,0.1,63.4,TE,,,-40.175,,,,,,,,,,74.31,27.0
Dawson Knox,BUF,,,,33.4,384.1,3.5,0.6,58.3,TE,,,-47.925,,,,,,,,,,66.56,29.0
Hayden Hurst,ATL,,,,38.5,405.1,2.9,0.1,58.1,TE,,,-47.150000000000006,,,,,,,,,,67.335,28.0
C.J. Uzomah,CIN,,,,36.7,357.0,3.2,0.1,55.0,TE,,,-50.61,,,,,,,,,,63.875,30.0
Chris Herndon IV,NYJ,,,,37.9,381.8,3.0,1.6,53.1,TE,,,-52.03,,,,,,,,,,62.455,31.0
Jack Doyle,IND,,,,32.6,336.5,3.0,0.1,51.5,TE,,,-54.885000000000005,,,,,,,,,,59.599999999999994,32.0
Will Dissly,SEA,,,,30.2,317.3,3.0,0.1,49.6,TE,,,-57.405,,,,,,,,,,57.08,33.0
Donald Parham Jr.,LAC,,,,28.0,339.2,2.5,0.1,48.7,TE,,,-58.765,,,,,,,,,,55.72,34.0
Mo Alie-Cox,IND,,,,31.5,340.5,2.4,0.6,47.5,TE,,,-59.36,,,,,,,,,,55.125,35.0
O.J. Howard,TB,,,,26.7,338.9,2.5,0.7,47.3,TE,,,-60.32,,,,,,,,,,54.165,36.0
Dan Arnold,CAR,,,,27.2,342.1,2.3,0.7,46.5,TE,,,-61.075,,,,,,,,,,53.41,37.0
David Njoku,CLE,,,,23.4,252.8,2.6,0.0,40.6,TE,,,-67.755,,,,,,,,,,46.730000000000004,38.0
Jimmy Graham,CHI,,,,23.2,242.7,2.6,0.1,39.8,TE,,,-69.015,,,,,,,,,,45.47,40.0
Jacob Hollister,BUF,,,,29.1,264.0,2.3,0.6,39.2,TE,,,-68.21000000000001,,,,,,,,,,46.275,39.0
Tyler Conklin,MIN,,,,25.4,267.1,2.0,0.1,38.7,TE,,,-69.625,,,,,,,,,,44.86000000000001,41.0
Dalton Schultz,DAL,,,,23.4,243.7,2.0,0.1,36.3,TE,,,-72.465,,,,,,,,,,42.02,42.0
Maxx Williams,ARI,,,,21.4,236.9,2.0,0.1,35.3,TE,,,-73.64500000000001,,,,,,,,,,40.839999999999996,43.0
Nick Boyle,BAL,,,,23.2,216.9,2.1,0.0,34.2,TE,,,-74.395,,,,,,,,,,40.09,44.0
Geoff Swaim,TEN,,,,23.2,216.6,1.8,0.1,32.2,TE,,,-76.42500000000001,,,,,,,,,,38.059999999999995,45.0
Kyle Rudolph,NYG,,,,23.1,212.2,1.8,0.1,31.7,TE,,,-76.89000000000001,,,,,,,,,,37.59499999999999,46.0
Cameron Brate,TB,,,,22.0,206.1,1.8,0.0,31.1,TE,,,-77.575,,,,,,,,,,36.91,47.0
Drew Sample,CIN,,,,24.5,231.3,1.4,0.6,30.5,TE,,,-78.03,,,,,,,,,,36.455,48.0
James O'Shaughnessy,JAC,,,,23.2,228.5,1.0,0.1,28.8,TE,,,-80.035,,,,,,,,,,34.449999999999996,49.0
Darren Fells,DET,,,,18.2,188.5,1.6,0.0,28.3,TE,,,-81.485,,,,,,,,,,33.0,50.0
Harrison Bryant,CLE,,,,18.2,196.1,1.8,1.1,28.0,TE,,,-81.725,,,,,,,,,,32.76,51.0
Foster Moreau,LV,,,,13.9,152.1,2.1,0.1,27.9,TE,,,-83.39999999999999,,,,,,,,,,31.085000000000004,52.0
Adam Shaheen,MIA,,,,16.2,164.4,1.9,1.0,25.5,TE,,,-84.595,,,,,,,,,,29.89,53.0
Ryan Izzo,HOU,,,,12.9,213.0,1.0,1.0,25.3,TE,,,-85.96,,,,,,,,,,28.525000000000002,57.0
Tyler Kroft,NYJ,,,,14.7,149.2,1.7,0.1,25.1,TE,,,-85.89,,,,,,,,,,28.595,56.0
Pat Freiermuth,PIT,,,,19.8,178.3,1.3,0.5,24.7,TE,,,-84.905,,,,,,,,,,29.580000000000002,54.0
Hunter Long,MIA,,,,18.6,175.7,1.3,0.5,24.1,TE,,,-85.465,,,,,,,,,,29.020000000000003,55.0
Albert Okwuegbunam,DEN,,,,15.3,160.9,1.3,0.1,23.7,TE,,,-86.97,,,,,,,,,,27.515,59.0
Pharaoh Brown,HOU,,,,15.0,162.4,1.2,0.1,23.3,TE,,,-87.495,,,,,,,,,,26.990000000000002,60.0
Ian Thomas,CAR,,,,17.7,157.2,1.3,0.0,23.2,TE,,,-86.53999999999999,,,,,,,,,,27.945,58.0
Chris Manhertz,JAC,,,,15.9,158.4,1.0,0.0,21.7,TE,,,-88.66999999999999,,,,,,,,,,25.815000000000005,61.0
Marcedes Lewis,GB,,,,11.5,121.4,1.4,0.0,20.6,TE,,,-91.07,,,,,,,,,,23.415,63.0
Noah Gray,KC,,,,14.4,146.7,1.1,0.5,20.4,TE,,,-90.615,,,,,,,,,,23.87,62.0
Matt Sokol,LAC,,,,13.0,140.0,1.0,0.0,20.0,TE,,,-91.235,,,,,,,,,,23.25,64.0
Reggie Gilliam,BUF,,,,11.0,77.0,2.0,0.0,19.7,TE,,,-92.035,,,,,,,,,,22.45,67.0
Darrell Daniels,ARI,,,,12.8,136.3,1.0,0.1,19.5,TE,,,-91.85499999999999,,,,,,,,,,22.630000000000003,65.0
Brevin Jordan,HOU,,,,12.8,131.2,1.2,0.5,19.4,TE,,,-91.965,,,,,,,,,,22.52,66.0
Kyle Markway,LAR,,,,13.0,130.0,1.0,0.0,19.0,TE,,,-92.235,,,,,,,,,,22.25,68.0
Jacob Harris,LAR,,,,10.7,136.9,0.8,0.0,18.3,TE,,,-93.32,,,,,,,,,,21.165000000000003,72.0
Kahale Warring,HOU,,,,13.0,133.5,0.8,0.0,18.3,TE,,,-93.085,,,,,,,,,,21.400000000000002,69.0
Thaddeus Moss,CIN,,,,13.0,121.0,1.0,0.0,18.1,TE,,,-93.13499999999999,,,,,,,,,,21.35,70.0
Nick Vannett,NO,,,,11.6,124.7,1.0,0.1,18.0,TE,,,-93.315,,,,,,,,,,21.169999999999998,71.0
Ryan Griffin,NYJ,,,,11.2,106.5,1.2,0.0,17.6,TE,,,-93.835,,,,,,,,,,20.650000000000002,74.0
Kylen Granson,IND,,,,13.1,136.5,0.7,0.1,17.4,TE,,,-93.56,,,,,,,,,,20.925,73.0
Hunter Bryant,DET,,,,10.4,122.8,0.8,0.0,17.2,TE,,,-94.80499999999999,,,,,,,,,,19.680000000000003,79.0
Ross Dwelley,SF,,,,11.4,120.0,0.9,0.0,17.2,TE,,,-94.235,,,,,,,,,,20.25,75.0
Devin Asiasi,NE,,,,10.4,117.0,1.1,0.5,17.1,TE,,,-94.585,,,,,,,,,,19.900000000000002,78.0
Brycen Hopkins,LAR,,,,12.5,127.8,0.7,0.1,16.9,TE,,,-94.58,,,,,,,,,,19.905,77.0
Durham Smythe,MIA,,,,13.1,107.9,1.0,0.0,16.4,TE,,,-94.42,,,,,,,,,,20.064999999999998,76.0
Austin Fort,DEN,,,,10.0,102.0,1.0,0.0,16.2,TE,,,-95.785,,,,,,,,,,18.700000000000003,83.0
Derek Carrier,LV,,,,10.0,92.0,1.2,0.0,16.1,TE,,,-95.58500000000001,,,,,,,,,,18.9,81.0
Luke Farrell,JAC,,,,13.8,130.0,0.7,0.5,16.0,TE,,,-94.83500000000001,,,,,,,,,,19.65,80.0
Caleb Wilson,PHI,,,,10.0,97.0,1.0,0.0,15.7,TE,,,-96.285,,,,,,,,,,18.200000000000003,84.0
Stephen Carlson,CLE,,,,8.1,88.1,1.1,0.0,15.4,TE,,,-97.05,,,,,,,,,,17.435,85.0
John Bates,WAS,,,,12.4,119.1,0.8,0.5,15.4,TE,,,-95.675,,,,,,,,,,18.810000000000002,82.0
Jace Sternberger,GB,,,,9.6,88.5,1.0,0.0,15.0,TE,,,-97.235,,,,,,,,,,17.25,86.0
Blake Bell,KC,,,,10.0,94.9,0.7,0.0,13.9,TE,,,-98.295,,,,,,,,,,16.189999999999998,87.0
Jordan Thomas,IND,,,,8.3,74.0,0.7,0.0,11.8,TE,,,-100.81,,,,,,,,,,13.675,88.0
Tre' McKitty,LAC,,,,7.7,81.6,0.4,0.0,10.6,TE,,,-102.0,,,,,,,,,,12.485000000000001,90.0
Tommy Sweeney,BUF,,,,6.0,75.5,0.5,0.0,10.6,TE,,,-102.435,,,,,,,,,,12.05,92.0
Evan Baylis,KC,,,,6.9,72.0,0.6,0.0,10.6,TE,,,-101.96,,,,,,,,,,12.525,89.0
J.P. Holtz,CHI,,,,5.9,73.3,0.5,0.0,10.3,TE,,,-102.68,,,,,,,,,,11.805,94.0
Jeremy Sprinkle,DAL,,,,6.9,71.4,0.5,0.0,10.1,TE,,,-102.62,,,,,,,,,,11.865,93.0
Tommy Tremble,CAR,,,,8.6,85.4,0.4,0.5,9.9,TE,,,-102.395,,,,,,,,,,12.090000000000002,91.0
Daniel Brown,NYJ,,,,5.4,63.7,0.5,0.0,9.4,TE,,,-103.765,,,,,,,,,,10.72,96.0
Richard Rodgers,PHI,,,,5.0,65.7,0.5,0.0,9.4,TE,,,-103.66499999999999,,,,,,,,,,10.82,95.0
Noah Togiai,IND,,,,6.4,60.9,0.5,0.0,9.2,TE,,,-103.795,,,,,,,,,,10.69,97.0
Charlie Woerner,SF,,,,5.4,63.9,0.4,0.0,9.0,TE,,,-104.345,,,,,,,,,,10.14,99.0
Stephen Anderson,LAC,,,,5.3,65.6,0.4,0.0,9.0,TE,,,-104.2,,,,,,,,,,10.285,98.0
Johnny Mundt,LAR,,,,5.3,57.0,0.5,0.0,8.5,TE,,,-104.46000000000001,,,,,,,,,,10.024999999999999,101.0
Antony Auclair,HOU,,,,4.9,54.6,0.5,0.0,8.5,TE,,,-104.8,,,,,,,,,,9.685,102.0
Zach Gentry,PIT,,,,6.1,55.0,0.5,0.0,8.3,TE,,,-104.46,,,,,,,,,,10.025,100.0
Colby Parkinson,SEA,,,,4.9,51.1,0.5,0.0,8.3,TE,,,-105.15,,,,,,,,,,9.334999999999999,104.0
Jesse James,CHI,,,,6.1,51.4,0.5,0.0,8.0,TE,,,-104.82,,,,,,,,,,9.665000000000001,103.0
Josiah Deguara,GB,,,,4.3,47.1,0.4,0.1,7.0,TE,,,-106.5,,,,,,,,,,7.985,105.0
Josh Oliver,BAL,,,,4.0,41.6,0.4,0.0,6.6,TE,,,-106.925,,,,,,,,,,7.5600000000000005,106.0
Demetrius Harris,ARI,,,,3.6,38.6,0.4,0.0,6.4,TE,,,-107.325,,,,,,,,,,7.160000000000001,107.0
Ben Ellefson,JAC,,,,4.2,42.0,0.3,0.0,6.2,TE,,,-107.435,,,,,,,,,,7.05,108.0
Luke Stocker,TEN,,,,3.9,37.8,0.4,0.1,5.9,TE,,,-107.53,,,,,,,,,,6.954999999999999,109.0
Tyree Jackson,PHI,,,,3.6,39.1,0.3,0.0,5.6,TE,,,-107.875,,,,,,,,,,6.61,110.0
Mason Schreck,CIN,,,,3.5,36.2,0.3,0.0,5.2,TE,,,-108.19,,,,,,,,,,6.295,111.0
Alize Mack,DET,,,,4.0,39.4,0.2,0.0,5.1,TE,,,-108.345,,,,,,,,,,6.140000000000001,112.0
Dominique Dafney,GB,,,,2.4,25.7,0.2,0.0,3.9,TE,,,-110.115,,,,,,,,,,4.37,114.0
Lee Smith,ATL,,,,2.6,24.9,0.2,0.0,3.6,TE,,,-110.145,,,,,,,,,,4.340000000000001,115.0
Garrett Griffin,NO,,,,2.3,25.6,0.2,0.0,3.6,TE,,,-110.15,,,,,,,,,,4.335000000000001,116.0
Sean McKeon,DAL,,,,2.6,26.7,0.2,0.0,3.5,TE,,,-109.965,,,,,,,,,,4.5200000000000005,113.0
Trevon Wesco,NYJ,,,,2.3,24.3,0.1,0.0,3.1,TE,,,-110.88,,,,,,,,,,3.6050000000000004,118.0
Cethan Carter,MIA,,,,2.4,24.2,0.1,0.0,3.1,TE,,,-110.865,,,,,,,,,,3.62,117.0
Eric Saubert,DEN,,,,2.3,22.7,0.1,0.0,3.1,TE,,,-111.03999999999999,,,,,,,,,,3.4450000000000003,119.0
Kaden Smith,NYG,,,,2.5,22.1,0.1,0.0,3.0,TE,,,-111.05,,,,,,,,,,3.4350000000000005,120.0
Ricky Seals-Jones,WAS,,,,1.5,18.3,0.2,0.0,2.9,TE,,,-111.08,,,,,,,,,,3.4050000000000002,121.0
Zach Davidson,MIN,,,,1.7,17.6,0.1,0.0,2.6,TE,,,-111.7,,,,,,,,,,2.785,125.0
Tanner Hudson,TB,,,,1.5,15.7,0.2,0.0,2.5,TE,,,-111.34,,,,,,,,,,3.1450000000000005,122.0
Deon Yelder,WAS,,,,1.3,14.1,0.2,0.0,2.4,TE,,,-111.55,,,,,,,,,,2.9350000000000005,123.0
Troy Fumagalli,NE,,,,1.4,12.7,0.2,0.0,2.2,TE,,,-111.66499999999999,,,,,,,,,,2.8200000000000003,124.0
Temarrick Hemingway,WAS,,,,1.4,16.1,0.1,0.0,2.0,TE,,,-111.925,,,,,,,,,,2.5600000000000005,126.0
Brandon Dillon,MIN,,,,1.3,13.8,0.1,0.0,2.0,TE,,,-112.17999999999999,,,,,,,,,,2.305,127.0
Eric Tomlinson,BAL,,,,1.2,11.7,0.1,0.0,1.6,TE,,,-112.415,,,,,,,,,,2.07,129.0
Matt LaCosse,NE,,,,1.2,12.8,0.1,0.0,1.6,TE,,,-112.30499999999999,,,,,,,,,,2.18,128.0
Codey McElroy,TB,,,,0.9,8.6,0.1,0.0,1.5,TE,,,-112.8,,,,,,,,,,1.685,130.0
Isaac Nauta,GB,,,,0.8,8.3,0.1,0.0,1.4,TE,,,-112.855,,,,,,,,,,1.6300000000000001,131.0
Kevin Rader,PIT,,,,0.9,8.8,0.0,0.0,1.1,TE,,,-113.38,,,,,,,,,,1.1050000000000002,133.0
Tyrone Swoopes,WAS,,,,0.9,9.6,0.0,0.0,1.0,TE,,,-113.3,,,,,,,,,,1.185,132.0
Jordan Franks,CLE,,,,0.8,8.0,0.0,0.0,0.9,TE,,,-113.485,,,,,,,,,,1.0,139.0
Jason Croom,PHI,,,,0.8,8.5,0.0,0.0,0.9,TE,,,-113.435,,,,,,,,,,1.05,136.5
Jesper Horsted,CHI,,,,0.8,8.5,0.0,0.0,0.8,TE,,,-113.435,,,,,,,,,,1.05,136.5
Tim Tebow,JAC,,,,0.9,8.4,0.0,0.0,0.8,TE,,,-113.42,,,,,,,,,,1.0650000000000002,134.5
Hakeem Butler,PHI,,,,0.8,8.4,0.0,0.0,0.8,TE,,,-113.445,,,,,,,,,,1.04,138.0
MyCole Pruitt,SF,,,,0.9,8.4,0.0,0.0,0.8,TE,,,-113.42,,,,,,,,,,1.0650000000000002,134.5
Cole Hikutini,NYG,,,,0.8,7.2,0.0,0.0,0.7,TE,,,-113.565,,,,,,,,,,0.9200000000000002,140.0
Colin Thompson,CAR,,,,0.7,6.8,0.0,0.0,0.7,TE,,,-113.63,,,,,,,,,,0.855,141.0
